Date,Close_EURMXN=X,Close_MXN=X,High_EURMXN=X,High_MXN=X,Low_EURMXN=X,Low_MXN=X,Open_EURMXN=X,Open_MXN=X,Volume_EURMXN=X,Volume_MXN=X
2020-01-02,21.212900161743164,18.898799896240234,21.21150016784668,18.923429489135742,21.081899642944336,18.84239959716797,21.20829963684082,18.905250549316406,0,0
2020-01-03,21.046199798583984,18.830299377441406,21.166400909423828,19.02454948425293,21.035999298095703,18.816600799560547,21.04705047607422,18.830799102783203,0,0
2020-01-06,21.144399642944336,18.944759368896484,21.154499053955078,18.946399688720703,21.021099090576172,18.78660011291504,21.14579963684082,18.94515037536621,0,0
2020-01-07,21.097000122070312,18.841449737548828,21.108999252319336,18.92608070373535,21.01300048828125,18.79010009765625,21.095300674438477,18.8435001373291,0,0
2020-01-08,21.16200065612793,18.96419906616211,21.21030044555664,19.005430221557617,20.85650062561035,18.755399703979492,21.17300033569336,18.968700408935547,0,0
2020-01-09,20.920499801635742,18.81399917602539,20.935510635375977,18.84351921081543,20.84000015258789,18.748300552368164,20.92329978942871,18.826549530029297,0,0
2020-01-10,20.93494987487793,18.834800720214844,20.945999145507812,18.848249435424805,20.825899124145508,18.743200302124023,20.935199737548828,18.846399307250977,0,0
2020-01-13,20.89539909362793,18.79762077331543,20.974899291992188,18.85759925842285,20.8656005859375,18.74049949645996,20.897199630737305,18.799549102783203,0,0
2020-01-14,20.936899185180664,18.79010009765625,21.017200469970703,18.866100311279297,20.8705997467041,18.774599075317383,20.93470001220703,18.790199279785156,0,0
2020-01-15,20.926700592041016,18.793800354003906,20.999900817871094,18.821420669555664,20.895299911499023,18.75349998474121,20.92840003967285,18.794200897216797,0,0
2020-01-16,20.959800720214844,18.782699584960938,20.994300842285156,18.807849884033203,20.897499084472656,18.76810073852539,20.962499618530273,18.796749114990234,0,0
2020-01-17,20.909799575805664,18.76300048828125,20.917999267578125,18.785669326782227,20.768699645996094,18.711599349975586,20.910999298095703,18.77754020690918,0,0
2020-01-20,20.697900772094727,18.656299591064453,20.719999313354492,18.689380645751953,20.67169952392578,18.63050079345703,20.699899673461914,18.656299591064453,0,0
2020-01-21,20.71179962158203,18.65369987487793,20.823699951171875,18.741649627685547,20.698999404907227,18.6476993560791,20.71150016784668,18.653499603271484,0,0
2020-01-22,20.8080997467041,18.7593994140625,20.82699966430664,18.787450790405273,20.66790008544922,18.652700424194336,20.805099487304688,18.768600463867188,0,0
2020-01-23,20.748899459838867,18.700410842895508,20.813600540161133,18.846630096435547,20.710399627685547,18.67340087890625,20.74839973449707,18.6875,0,0
2020-01-24,20.738300323486328,18.74920082092285,20.79949951171875,18.858720779418945,20.681699752807617,18.713300704956055,20.732999801635742,18.755250930786133,0,0
2020-01-27,20.796199798583984,18.862499237060547,20.90329933166504,18.970579147338867,20.776500701904297,18.823400497436523,20.798200607299805,18.863849639892578,0,0
2020-01-28,20.816999435424805,18.892000198364258,20.843700408935547,18.922109603881836,20.666400909423828,18.775930404663086,20.8169002532959,18.882299423217773,0,0
2020-01-29,20.637500762939453,18.724050521850586,20.65049934387207,18.77083969116211,20.538999557495117,18.6643009185791,20.636199951171875,18.72241973876953,0,0
2020-01-30,20.59023094177246,18.681900024414062,20.75510025024414,18.80706024169922,20.58880043029785,18.679500579833984,20.590099334716797,18.695659637451172,0,0
2020-01-31,20.727519989013672,18.780799865722656,20.979000091552734,18.937149047851562,20.66510009765625,18.73699951171875,20.7268009185791,18.7945499420166,0,0
2020-02-03,20.924100875854492,18.866409301757812,20.92449951171875,18.885080337524414,20.677099227905273,18.710500717163086,20.92180061340332,18.867399215698242,0,0
2020-02-04,20.827800750732422,18.81439971923828,20.835599899291992,18.835660934448242,20.593599319458008,18.648799896240234,20.83180046081543,18.831539154052734,0,0
2020-02-05,20.621299743652344,18.671289443969727,20.64759063720703,18.69407081604004,20.448999404907227,18.568500518798828,20.619800567626953,18.658000946044922,0,0
2020-02-06,20.461599349975586,18.587600708007812,20.52050018310547,18.691219329833984,20.40519905090332,18.54560089111328,20.458799362182617,18.586700439453125,0,0
2020-02-07,20.47949981689453,18.639699935913086,20.644800186157227,18.821170806884766,20.451400756835938,18.615299224853516,20.47949981689453,18.63909912109375,0,0
2020-02-10,20.583499908447266,18.800249099731445,20.59000015258789,18.822370529174805,20.4596004486084,18.71500015258789,20.586000442504883,18.803489685058594,0,0
2020-02-11,20.40519905090332,18.702699661254883,20.425100326538086,18.71044921875,20.349599838256836,18.635799407958984,20.405500411987305,18.690399169921875,0,0
2020-02-12,20.36709976196289,18.642000198364258,20.373699188232422,18.665090560913086,20.275999069213867,18.59149932861328,20.371200561523438,18.642499923706055,0,0
2020-02-13,20.2716007232666,18.640399932861328,20.328500747680664,18.680749893188477,20.200599670410156,18.609899520874023,20.274099349975586,18.64164924621582,0,0
2020-02-14,20.17314910888672,18.59510040283203,20.223899841308594,18.64887046813965,20.11870002746582,18.542699813842773,20.166400909423828,18.60017967224121,0,0
2020-02-17,20.10235023498535,18.542999267578125,20.146699905395508,18.583690643310547,20.072999954223633,18.506200790405273,20.10140037536621,18.54384994506836,0,0
2020-02-18,20.114700317382812,18.549999237060547,20.19070053100586,18.655750274658203,20.083599090576172,18.548200607299805,20.11669921875,18.55139923095703,0,0
2020-02-19,20.06570053100586,18.58894920349121,20.096799850463867,18.618669509887695,20.041799545288086,18.54490089416504,20.061500549316406,18.5718994140625,0,0
2020-02-20,20.067399978637695,18.550100326538086,20.33690071105957,18.846139907836914,20.05739974975586,18.545400619506836,20.068389892578125,18.566099166870117,0,0
2020-02-21,20.344900131225586,18.847400665283203,20.66990089416504,19.066600799560547,20.315900802612305,18.796199798583984,20.343399047851562,18.846799850463867,0,0
2020-02-24,20.60260009765625,19.007709503173828,20.85919952392578,19.25535011291504,20.58060073852539,18.98240089416504,20.604000091552734,19.010189056396484,0,0
2020-02-25,20.66860008239746,19.03660011291504,20.76609992980957,19.119400024414062,20.5531005859375,18.929800033569336,20.668399810791016,19.052000045776367,0,0
2020-02-26,20.7485294342041,19.059999465942383,20.930999755859375,19.212120056152344,20.723100662231445,19.05620002746582,20.744199752807617,19.068300247192383,0,0
2020-02-27,20.992700576782227,19.286619186401367,21.433700561523438,19.498600006103516,20.982200622558594,19.252599716186523,20.989599227905273,19.28282928466797,0,0
2020-02-28,21.399900436401367,19.458969116210938,21.96419906616211,19.889739990234375,21.391599655151367,19.446399688720703,21.395000457763672,19.459680557250977,0,0
2020-03-02,21.9060001373291,19.82309913635254,22.104299545288086,19.863510131835938,21.587499618530273,19.480390548706055,21.905099868774414,19.818010330200195,0,0
2020-03-03,21.631999969482422,19.405000686645508,21.751699447631836,19.553499221801758,21.43000030517578,19.168500900268555,21.626399993896484,19.406999588012695,0,0
2020-03-04,21.728200912475586,19.43160057067871,21.83799934387207,19.607980728149414,21.33799934387207,19.173099517822266,21.719200134277344,19.423099517822266,0,0
2020-03-05,21.751699447631836,19.517200469970703,22.20949935913086,19.826950073242188,21.707199096679688,19.493099212646484,21.75659942626953,19.53350067138672,0,0
2020-03-06,22.25065040588379,19.81450080871582,23.052400588989258,20.371389389038086,22.212549209594727,19.7987003326416,22.24810028076172,19.81909942626953,0,0
2020-03-09,23.978069305419922,21.0575008392334,25.148500442504883,22.018150329589844,23.765199661254883,20.80229949951172,23.9862003326416,21.058629989624023,0,0
2020-03-10,23.71780014038086,20.81222915649414,23.993000030517578,21.079349517822266,23.025400161743164,20.298200607299805,23.720699310302734,20.814769744873047,0,0
2020-03-11,23.524900436401367,20.789400100708008,24.069700241088867,21.265430450439453,23.492900848388672,20.77560043334961,23.510799407958984,20.779499053955078,0,0
2020-03-12,24.13249969482422,21.41659927368164,25.707500457763672,22.86016082763672,24.093299865722656,21.377710342407227,24.123199462890625,21.42436981201172,0,0
2020-03-13,24.567100524902344,21.967199325561523,24.801000595092773,22.127899169921875,23.75819969177246,21.35662078857422,24.56450080871582,21.963199615478516,0,0
2020-03-16,24.31920051574707,21.808610916137695,25.683799743652344,23.060659408569336,24.251220703125,21.799989700317383,24.3351993560791,21.814559936523438,0,0
2020-03-17,25.242599487304688,22.600990295410156,25.628400802612305,23.16935920715332,24.866300582885742,22.44938087463379,25.247100830078125,22.595239639282227,0,0
2020-03-18,25.287900924682617,22.960599899291992,26.458999633789062,24.069019317626953,25.12179946899414,22.81001091003418,25.309799194335938,22.976150512695312,0,0
2020-03-19,25.920299530029297,23.64971923828125,26.868200302124023,24.63191032409668,25.753400802612305,23.65407943725586,25.883800506591797,23.65559959411621,0,0
2020-03-20,25.626300811767578,24.0457706451416,25.906999588012695,24.122400283813477,25.302499771118164,23.49370002746582,25.62870979309082,24.044740676879883,0,0
2020-03-23,26.478300094604492,24.7462100982666,27.07200050354004,25.158199310302734,26.315580368041992,24.46401023864746,26.459699630737305,24.75149917602539,0,0
2020-03-24,27.278799057006836,25.336200714111328,27.313199996948242,25.363250732421875,26.72879981994629,24.61614990234375,27.254600524902344,25.315099716186523,0,0
2020-03-25,26.768199920654297,24.768699645996094,26.858400344848633,24.900609970092773,26.20240020751953,24.228130340576172,26.754600524902344,24.772550582885742,0,0
2020-03-26,26.14940071105957,24.008100509643555,26.43829917907715,24.231409072875977,25.372100830078125,23.067100524902344,26.1476993560791,24.010099411010742,0,0
2020-03-27,25.68120002746582,23.23710060119629,25.92259979248047,23.600000381469727,25.52039909362793,23.133800506591797,25.666000366210938,23.2273006439209,0,0
2020-03-30,26.283199310302734,23.594600677490234,27.081300735473633,24.543420791625977,26.052900314331055,23.494400024414062,26.27280044555664,23.595199584960938,0,0
2020-03-31,26.284900665283203,23.83300018310547,26.600000381469727,24.134000778198242,25.667400360107422,23.3408203125,26.280000686645508,23.8333797454834,0,0
2020-04-01,26.203399658203125,23.750999450683594,26.759300231933594,24.469640731811523,26.114639282226562,23.690509796142578,26.19770050048828,23.75349998474121,0,0
2020-04-02,26.521799087524414,24.215530395507812,26.662500381469727,24.483980178833008,25.89699935913086,23.79435920715332,26.49799919128418,24.195720672607422,0,0
2020-04-03,26.295000076293945,24.235300064086914,26.782400131225586,24.82564926147461,26.26799964904785,24.225400924682617,26.272899627685547,24.225400924682617,0,0
2020-04-06,27.30459976196289,25.261999130249023,27.879199981689453,25.76534080505371,26.591100692749023,24.605409622192383,27.30940055847168,25.271249771118164,0,0
2020-04-07,26.515390396118164,24.542400360107422,26.6914005279541,24.694259643554688,25.98859977722168,23.820199966430664,26.518699645996094,24.547500610351562,0,0
2020-04-08,26.48509979248047,24.31159019470215,26.88759994506836,24.770349502563477,26.08769989013672,23.989320755004883,26.473949432373047,24.316530227661133,0,0
2020-04-09,26.062999725341797,23.984500885009766,26.149999618530273,24.085180282592773,25.500699996948242,23.336559295654297,26.050500869750977,23.983200073242188,0,0
2020-04-10,25.872800827026367,23.67639923095703,25.968299865722656,23.761600494384766,25.569000244140625,23.331300735473633,25.86949920654297,23.685449600219727,0,0
2020-04-13,25.64069938659668,23.446800231933594,26.03969955444336,23.85955047607422,25.503599166870117,23.303699493408203,25.619400024414062,23.435400009155273,0,0
2020-04-14,25.765600204467773,23.5851993560791,25.992300033569336,23.745750427246094,25.596010208129883,23.38330078125,25.756799697875977,23.590930938720703,0,0
2020-04-15,25.66939926147461,23.36199951171875,26.326400756835938,24.18790054321289,25.66390037536621,23.363100051879883,25.66390037536621,23.363100051879883,0,0
2020-04-16,26.431699752807617,24.239200592041016,26.5757999420166,24.422719955444336,26.137399673461914,23.993000030517578,26.425600051879883,24.229299545288086,0,0
2020-04-17,25.805099487304688,23.76020050048828,26.126100540161133,24.121889114379883,25.746200561523438,23.685190200805664,25.801599502563477,23.755800247192383,0,0
2020-04-20,26.10740089416504,24.026649475097656,26.256399154663086,24.197599411010742,25.96619987487793,23.916290283203125,26.1018009185791,24.016000747680664,0,0
2020-04-21,26.084999084472656,24.010719299316406,26.59510040283203,24.47650909423828,26.005300521850586,23.975400924682617,26.067800521850586,23.989599227905273,0,0
2020-04-22,26.456300735473633,24.368600845336914,26.712099075317383,24.616710662841797,26.294700622558594,24.210100173950195,26.458499908447266,24.365400314331055,0,0
2020-04-23,26.46310043334961,24.479299545288086,26.77739906311035,24.77436065673828,26.27280044555664,24.323410034179688,26.470500946044922,24.494600296020508,0,0
2020-04-24,26.694000244140625,24.766550064086914,26.891399383544922,24.88298988342285,26.515600204467773,24.60198974609375,26.68090057373047,24.753400802612305,0,0
2020-04-27,27.044099807739258,24.98579978942871,27.11840057373047,25.010520935058594,26.810400009155273,24.728029251098633,27.043399810791016,24.98819923400879,0,0
2020-04-28,26.802000045776367,24.74970054626465,26.920499801635742,24.863849639892578,26.417299270629883,24.312400817871094,26.79599952697754,24.749399185180664,0,0
2020-04-29,26.319700241088867,24.283599853515625,26.33449935913086,24.297000885009766,25.929899215698242,23.89310073852539,26.313400268554688,24.29322052001953,0,0
2020-04-30,25.83060073852539,23.742000579833984,26.22949981689453,23.992000579833984,25.71969985961914,23.63249969482422,25.833999633789062,23.748600006103516,0,0
2020-05-01,26.5093994140625,24.21430015563965,27.345600128173828,24.867279052734375,26.469419479370117,24.194400787353516,26.50704002380371,24.22093963623047,0,0
2020-05-04,27.215599060058594,24.834489822387695,27.20989990234375,24.85301971435547,26.516300201416016,24.294599533081055,27.20989990234375,24.8339900970459,0,0
2020-05-05,26.273300170898438,24.090200424194336,26.31439971923828,24.16221046447754,25.790700912475586,23.784950256347656,26.275800704956055,24.09779930114746,0,0
2020-05-06,25.985700607299805,23.973499298095703,26.29159927368164,24.341249465942383,25.855300903320312,23.86440086364746,26.001100540161133,23.987560272216797,0,0
2020-05-07,26.384950637817383,24.427499771118164,26.389799118041992,24.452489852905273,25.824800491333008,23.92690086364746,26.352449417114258,24.39788055419922,0,0
2020-05-08,26.0314998626709,24.02206039428711,26.042999267578125,24.040700912475586,25.570899963378906,23.559650421142578,26.022300720214844,24.015899658203125,0,0
2020-05-11,25.617900848388672,23.625099182128906,25.946300506591797,23.968429565429688,25.530899047851562,23.5398006439209,25.61669921875,23.639699935913086,0,0
2020-05-12,25.854700088500977,23.920089721679688,26.179399490356445,24.163400650024414,25.789100646972656,23.75303077697754,25.840900421142578,23.90797996520996,0,0
2020-05-13,26.428369522094727,24.363279342651367,26.45199966430664,24.38113021850586,26.106300354003906,23.995800018310547,26.406099319458008,24.3475399017334,0,0
2020-05-14,26.171600341796875,24.185699462890625,26.291799545288086,24.37162971496582,26.000699996948242,24.06245994567871,26.16029930114746,24.17548942565918,0,0
2020-05-15,25.783199310302734,23.851299285888672,26.06439971923828,24.100900650024414,25.702499389648438,23.753700256347656,25.78059959411621,23.85940933227539,0,0
2020-05-18,25.893299102783203,23.934009552001953,25.896900177001953,23.932880401611328,25.462099075317383,23.459360122680664,25.88990020751953,23.930889129638672,0,0
2020-05-19,25.900699615478516,23.731300354003906,25.90559959411621,23.73253059387207,25.651100158691406,23.458099365234375,25.899900436401367,23.731250762939453,0,0
2020-05-20,25.856800079345703,23.665359497070312,25.875200271606445,23.663780212402344,25.45240020751953,23.157100677490234,25.854000091552734,23.661149978637695,0,0
2020-05-21,25.481199264526367,23.195499420166016,25.56089973449707,23.274890899658203,25.01930046081543,22.771480560302734,25.486000061035156,23.207599639892578,0,0
2020-05-22,25.040800094604492,22.870180130004883,25.255199432373047,23.149799346923828,24.757600784301758,22.72640037536621,25.042400360107422,22.857900619506836,0,0
2020-05-25,24.720470428466797,22.663789749145508,24.75309944152832,22.759620666503906,24.532899856567383,22.50950050354004,24.721040725708008,22.65410041809082,0,0
2020-05-26,24.58300018310547,22.545499801635742,24.590200424194336,22.55794906616211,24.235700607299805,22.10140037536621,24.581499099731445,22.551799774169922,0,0
2020-05-27,24.38479995727539,22.211999893188477,24.715299606323242,22.485469818115234,24.3346004486084,22.128400802612305,24.385900497436523,22.20240020751953,0,0
2020-05-28,24.578699111938477,22.31138038635254,24.655799865722656,22.409439086914062,24.453800201416016,22.180599212646484,24.57706069946289,22.310359954833984,0,0
2020-05-29,24.61050033569336,22.19890022277832,24.71969985961914,22.270849227905273,24.519899368286133,22.002819061279297,24.611299514770508,22.217369079589844,0,0
2020-06-01,24.659799575805664,22.182300567626953,24.66069984436035,22.185340881347656,24.427589416503906,21.918399810791016,24.66069984436035,22.177099227905273,0,0
2020-06-02,24.53619956970215,22.042400360107422,24.600799560546875,22.111120223999023,24.137800216674805,21.580520629882812,24.53459930419922,22.041200637817383,0,0
2020-06-03,24.312400817871094,21.723800659179688,24.361299514770508,21.732900619506836,24.097900390625,21.50510025024414,24.3075008392334,21.73225975036621,0,0
2020-06-04,24.401220321655273,21.720800399780273,24.84309959411621,21.984729766845703,24.39961051940918,21.705909729003906,24.40570068359375,21.72348976135254,0,0
2020-06-05,24.828500747680664,21.90247917175293,24.858999252319336,21.90703010559082,24.288799285888672,21.487899780273438,24.83329963684082,21.905630111694336,0,0
2020-06-08,24.307199478149414,21.474899291992188,24.55120086669922,21.71755027770996,24.268199920654297,21.476499557495117,24.326000213623047,21.50227928161621,0,0
2020-06-09,24.28860092163086,21.472999572753906,24.706899642944336,21.90093994140625,24.269699096679688,21.449800491333008,24.295700073242188,21.484600067138672,0,0
2020-06-10,24.801700592041016,21.88743019104004,25.044200897216797,22.04107093811035,24.657800674438477,21.68280029296875,24.80430030822754,21.886449813842773,0,0
2020-06-11,24.97640037536621,21.976980209350586,25.668800354003906,22.58292007446289,24.929399490356445,21.875200271606445,24.9773006439209,21.9596004486084,0,0
2020-06-12,25.797000885009766,22.854660034179688,25.88129997253418,22.941940307617188,25.079999923706055,22.19540023803711,25.785900115966797,22.829700469970703,0,0
2020-06-15,25.302099227905273,22.488540649414062,25.54680061340332,22.74704933166504,25.275999069213867,22.4335994720459,25.28459930419922,22.46817970275879,0,0
2020-06-16,25.117900848388672,22.155460357666016,25.14900016784668,22.329320907592773,24.69379997253418,21.885299682617188,25.116300582885742,22.15369987487793,0,0
2020-06-17,25.086299896240234,22.26922035217285,25.288000106811523,22.459190368652344,24.898500442504883,22.155000686645508,25.094600677490234,22.263900756835938,0,0
2020-06-18,25.125999450683594,22.341400146484375,25.428800582885742,22.674570083618164,24.97640037536621,22.191099166870117,25.132200241088867,22.35865020751953,0,0
2020-06-19,25.41659927368164,22.67639923095703,25.510900497436523,22.754789352416992,25.232500076293945,22.500579833984375,25.427200317382812,22.677000045776367,0,0
2020-06-22,25.305700302124023,22.64150047302246,25.33690071105957,22.672199249267578,25.076000213623047,22.30297088623047,25.318899154663086,22.624000549316406,0,0
2020-06-23,25.259769439697266,22.399099349975586,25.4768009185791,22.672029495239258,25.180599212646484,22.285770416259766,25.272499084472656,22.41180992126465,0,0
2020-06-24,25.325899124145508,22.389150619506836,25.61389923095703,22.72241973876953,25.25,22.306400299072266,25.33799934387207,22.39052963256836,0,0
2020-06-25,25.638399124145508,22.790279388427734,25.79010009765625,22.96950912475586,25.552400588989258,22.732799530029297,25.63990020751953,22.789609909057617,0,0
2020-06-26,25.437000274658203,22.679399490356445,25.806100845336914,23.04467010498047,25.430999755859375,22.6471004486084,25.452600479125977,22.687829971313477,0,0
2020-06-29,25.87310028076172,23.05470085144043,26.11840057373047,23.189599990844727,25.785400390625,22.926000595092773,25.869800567626953,23.03820037841797,0,0
2020-06-30,25.930599212646484,23.056570053100586,26.01959991455078,23.2237491607666,25.877599716186523,23.021299362182617,25.927000045776367,23.04400062561035,0,0
2020-07-01,25.854000091552734,23.004499435424805,25.902999877929688,23.085420608520508,25.542999267578125,22.68115997314453,25.8518009185791,23.01556968688965,0,0
2020-07-02,25.552099227905273,22.711599349975586,25.583999633789062,22.74087905883789,25.260799407958984,22.404279708862305,25.547500610351562,22.691699981689453,0,0
2020-07-03,25.253000259399414,22.477819442749023,25.36557960510254,22.58517074584961,25.154199600219727,22.379470825195312,25.25670051574707,22.475549697875977,0,0
2020-07-06,25.175800323486328,22.38545036315918,25.22170066833496,22.386049270629883,25.030000686645508,22.141799926757812,25.181100845336914,22.374799728393555,0,0
2020-07-07,25.252899169921875,22.31100082397461,25.605600357055664,22.7096004486084,25.209999084472656,22.241199493408203,25.26180076599121,22.336570739746094,0,0
2020-07-08,25.705900192260742,22.792699813842773,25.913000106811523,22.894140243530273,25.60379981994629,22.67009925842285,25.716699600219727,22.814470291137695,0,0
2020-07-09,25.71540069580078,22.67180061340332,25.812599182128906,22.759849548339844,25.563899993896484,22.534000396728516,25.717899322509766,22.68199920654297,0,0
2020-07-10,25.525699615478516,22.60260009765625,25.735300064086914,22.823850631713867,25.45146942138672,22.489099502563477,25.520599365234375,22.59950065612793,0,0
2020-07-13,25.43280029296875,22.488399505615234,25.552799224853516,22.543750762939453,25.352100372314453,22.36009979248047,25.42650032043457,22.487150192260742,0,0
2020-07-14,25.777599334716797,22.709800720214844,25.883699417114258,22.764999389648438,25.687999725341797,22.563100814819336,25.777700424194336,22.721189498901367,0,0
2020-07-15,25.568899154663086,22.395999908447266,25.594200134277344,22.45536994934082,25.434099197387695,22.243099212646484,25.559900283813477,22.386999130249023,0,0
2020-07-16,25.490999221801758,22.318199157714844,25.573999404907227,22.44890022277832,25.461999893188477,22.272199630737305,25.508699417114258,22.343280792236328,0,0
2020-07-17,25.522899627685547,22.411680221557617,25.731199264526367,22.49934959411621,25.481700897216797,22.372499465942383,25.514999389648438,22.413480758666992,0,0
2020-07-20,25.735200881958008,22.492469787597656,25.927900314331055,22.705780029296875,25.732200622558594,22.447099685668945,25.732200622558594,22.483200073242188,0,0
2020-07-21,25.76420021057129,22.488540649414062,25.76219940185547,22.502059936523438,25.523399353027344,22.286500930786133,25.761199951171875,22.485149383544922,0,0
2020-07-22,25.731599807739258,22.29680061340332,25.918399810791016,22.420860290527344,25.685909271240234,22.188400268554688,25.724599838256836,22.2903995513916,0,0
2020-07-23,25.872900009155273,22.37017059326172,26.043500900268555,22.54438018798828,25.786699295043945,22.246299743652344,25.872400283813477,22.368759155273438,0,0
2020-07-24,26.07670021057129,22.478200912475586,26.25119972229004,22.61659049987793,25.99686050415039,22.342500686645508,26.075899124145508,22.490100860595703,0,0
2020-07-27,25.983299255371094,22.287200927734375,26.043399810791016,22.30389976501465,25.820100784301758,21.957000732421875,25.987300872802734,22.30389976501465,0,0
2020-07-28,25.829259872436523,21.936100006103516,25.917299270629883,22.103200912475586,25.715999603271484,21.885400772094727,25.831300735473633,21.941099166870117,0,0
2020-07-29,25.71820068359375,21.933399200439453,25.917299270629883,22.028369903564453,25.61039924621582,21.83769989013672,25.714000701904297,21.92930030822754,0,0
2020-07-30,25.903099060058594,21.97249984741211,26.183500289916992,22.234769821166992,25.864999771118164,21.950000762939453,25.90559959411621,21.984630584716797,0,0
2020-07-31,26.12820053100586,21.995399475097656,26.29319953918457,22.23900032043457,26.122600555419922,21.97249984741211,26.125900268554688,22.004440307617188,0,0
2020-08-03,26.240800857543945,22.26059913635254,26.557239532470703,22.634639739990234,26.18600082397461,22.240999221801758,26.236099243164062,22.26909065246582,0,0
2020-08-04,26.62470054626465,22.625699996948242,26.868900299072266,22.906450271606445,26.57110023498535,22.531999588012695,26.621299743652344,22.62700080871582,0,0
2020-08-05,26.749399185180664,22.628400802612305,26.750200271606445,22.64954948425293,26.628999710083008,22.37350082397461,26.74880027770996,22.62849998474121,0,0
2020-08-06,26.554000854492188,22.371639251708984,26.754499435424805,22.60487937927246,26.444299697875977,22.299800872802734,26.554990768432617,22.35849952697754,0,0
2020-08-07,26.601299285888672,22.402849197387695,26.651899337768555,22.592300415039062,26.453100204467773,22.36280059814453,26.599000930786133,22.39229965209961,0,0
2020-08-10,26.395999908447266,22.404619216918945,26.521299362182617,22.53636932373047,26.294200897216797,22.340900421142578,26.392000198364258,22.388900756835938,0,0
2020-08-11,26.37339973449707,22.45709991455078,26.403499603271484,22.511449813842773,26.212400436401367,22.24850082397461,26.371200561523438,22.468399047851562,0,0
2020-08-12,26.317100524902344,22.411399841308594,26.442399978637695,22.489160537719727,26.215999603271484,22.25860023498535,26.317899703979492,22.410900115966797,0,0
2020-08-13,26.360599517822266,22.340900421142578,26.479299545288086,22.378700256347656,26.32990074157715,22.253999710083008,26.351499557495117,22.33884048461914,0,0
2020-08-14,26.190200805664062,22.153900146484375,26.247400283813477,22.233539581298828,26.0398006439209,22.004009246826172,26.18960952758789,22.153799057006836,0,0
2020-08-17,26.01030921936035,21.933500289916992,26.190099716186523,22.067079544067383,25.983999252319336,21.89929962158203,26.012800216674805,21.947250366210938,0,0
2020-08-18,26.30900001525879,22.142200469970703,26.470800399780273,22.201250076293945,26.202600479125977,22.00779914855957,26.309600830078125,22.15570068359375,0,0
2020-08-19,26.44070053100586,22.13129997253418,26.478700637817383,22.184219360351562,26.197599411010742,22.009300231933594,26.443199157714844,22.13452911376953,0,0
2020-08-20,26.26300048828125,22.174789428710938,26.382999420166016,22.32084083557129,26.198699951171875,22.115100860595703,26.260000228881836,22.17715072631836,0,0
2020-08-21,26.21769905090332,22.088300704956055,26.230600357055664,22.169450759887695,25.904699325561523,21.986299514770508,26.21500015258789,22.06839942932129,0,0
2020-08-24,25.909099578857422,21.95966911315918,25.989999771118164,22.002300262451172,25.896299362182617,21.86709976196289,25.907899856567383,21.958999633789062,0,0
2020-08-25,25.928699493408203,21.972999572753906,26.008800506591797,22.010250091552734,25.834999084472656,21.867300033569336,25.93470001220703,21.991199493408203,0,0
2020-08-26,25.92650032043457,21.894699096679688,25.942100524902344,21.97985076904297,25.816999435424805,21.867300033569336,25.925899505615234,21.910400390625,0,0
2020-08-27,25.966039657592773,21.930870056152344,26.1653995513916,22.178699493408203,25.841100692749023,21.82971954345703,25.968799591064453,21.931400299072266,0,0
2020-08-28,26.162500381469727,22.13290023803711,26.234500885009766,22.153850555419922,25.957500457763672,21.82309913635254,26.166000366210938,22.136930465698242,0,0
2020-08-31,25.92020034790039,21.749900817871094,26.203699111938477,21.93037986755371,25.892499923706055,21.731199264526367,25.917800903320312,21.751209259033203,0,0
2020-09-01,26.191999435424805,21.91254997253418,26.19700050354004,21.910350799560547,25.943300247192383,21.674400329589844,26.152999877929688,21.90974998474121,0,0
2020-09-02,25.941999435424805,21.74530029296875,25.986000061035156,21.889490127563477,25.79520034790039,21.737300872802734,25.925199508666992,21.74496078491211,0,0
2020-09-03,25.738920211791992,21.726900100708008,25.77199935913086,21.793010711669922,25.523300170898438,21.544099807739258,25.746599197387695,21.73564910888672,0,0
2020-09-04,25.700199127197266,21.698699951171875,25.732999801635742,21.71306037902832,25.386999130249023,21.492599487304688,25.70439910888672,21.70425033569336,0,0
2020-09-07,25.505300521850586,21.552949905395508,25.6033992767334,21.65452003479004,25.487199783325195,21.5177001953125,25.51759910583496,21.55820083618164,0,0
2020-09-08,25.537019729614258,21.594200134277344,25.794200897216797,21.86840057373047,25.49839973449707,21.557300567626953,25.53660011291504,21.60689926147461,0,0
2020-09-09,25.736799240112305,21.872419357299805,25.832000732421875,21.935630798339844,25.39349937438965,21.486600875854492,25.73390007019043,21.854400634765625,0,0
2020-09-10,25.243900299072266,21.386999130249023,25.39349937438965,21.45870018005371,25.225000381469727,21.200599670410156,25.244800567626953,21.3868408203125,0,0
2020-09-11,25.346099853515625,21.436649322509766,25.367300033569336,21.45132064819336,25.168500900268555,21.233999252319336,25.34309959411621,21.430849075317383,0,0
2020-09-14,25.180200576782227,21.267499923706055,25.202299118041992,21.291250228881836,24.983600616455078,21.03420066833496,25.180299758911133,21.2623291015625,0,0
2020-09-15,25.01133918762207,21.064800262451172,25.080299377441406,21.113439559936523,24.92167091369629,20.94809913635254,25.01759910583496,21.083099365234375,0,0
2020-09-16,25.054500579833984,21.142000198364258,25.054100036621094,21.16868019104004,24.8351993560791,20.988000869750977,25.054100036621094,21.156330108642578,0,0
2020-09-17,24.76110076904297,20.97916030883789,24.888999938964844,21.14263916015625,24.73900032043457,20.951000213623047,24.764699935913086,20.980609893798828,0,0
2020-09-18,24.752599716186523,20.8927001953125,24.902700424194336,21.0008602142334,24.68199920654297,20.831199645996094,24.76180076599121,20.8927001953125,0,0
2020-09-21,25.00950050354004,21.111759185791016,25.38330078125,21.574600219726562,24.963790893554688,21.035400390625,25.006399154663086,21.09910011291504,0,0
2020-09-22,25.110000610351562,21.344839096069336,25.293500900268555,21.62148094177246,25.03700065612793,21.285999298095703,25.107500076293945,21.34794044494629,0,0
2020-09-23,25.372800827026367,21.67449951171875,25.85890007019043,22.157609939575195,25.357070922851562,21.654300689697266,25.36039924621582,21.66412925720215,0,0
2020-09-24,26.11400032043457,22.390399932861328,26.41189956665039,22.690059661865234,25.984399795532227,22.270200729370117,26.11319923400879,22.393590927124023,0,0
2020-09-25,25.84391975402832,22.138439178466797,26.18400001525879,22.52720069885254,25.681900024414062,21.976600646972656,25.83930015563965,22.133560180664062,0,0
2020-09-28,25.955799102783203,22.309370040893555,26.30150032043457,22.5674991607666,25.867399215698242,22.158279418945312,25.96084976196289,22.311540603637695,0,0
2020-09-29,26.114299774169922,22.34910011291504,26.34000015258789,22.534849166870117,25.971099853515625,22.185199737548828,26.116300582885742,22.365400314331055,0,0
2020-09-30,26.27869987487793,22.37350082397461,26.40760040283203,22.525339126586914,25.851299285888672,22.04932975769043,26.28030014038086,22.379249572753906,0,0
2020-10-01,25.8882999420166,22.081600189208984,25.906700134277344,22.109209060668945,25.632400512695312,21.789600372314453,25.87820053100586,22.074499130249023,0,0
2020-10-02,25.65489959716797,21.844730377197266,25.85700035095215,22.057769775390625,25.381399154663086,21.65329933166504,25.655399322509766,21.84680938720703,0,0
2020-10-05,25.324800491333008,21.594999313354492,25.327600479125977,21.613229751586914,25.111499786376953,21.30055046081543,25.3262996673584,21.597200393676758,0,0
2020-10-06,25.208349227905273,21.363250732421875,25.368200302124023,21.554100036621094,25.059900283813477,21.25217056274414,25.206600189208984,21.38456916809082,0,0
2020-10-07,25.45479965209961,21.688230514526367,25.483699798583984,21.722620010375977,25.172300338745117,21.362300872802734,25.45417022705078,21.692190170288086,0,0
2020-10-08,25.250080108642578,21.449800491333008,25.283599853515625,21.49924087524414,25.125900268554688,21.344900131225586,25.251100540161133,21.4601993560791,0,0
2020-10-09,25.127300262451172,21.35586929321289,25.15410041809082,21.367250442504883,24.993999481201172,21.135900497436523,25.126100540161133,21.354700088500977,0,0
2020-10-12,24.98900032043457,21.148590087890625,25.1289005279541,21.301210403442383,24.97640037536621,21.114099502563477,24.982999801635742,21.1497802734375,0,0
2020-10-13,25.04520034790039,21.19890022277832,25.19540023803711,21.461200714111328,24.944900512695312,21.155380249023438,25.0492000579834,21.202499389648438,0,0
2020-10-14,25.04892921447754,21.333480834960938,25.162599563598633,21.444719314575195,24.9867000579834,21.242000579833984,25.04792022705078,21.327739715576172,0,0
2020-10-15,25.04191017150879,21.326169967651367,25.19029998779297,21.521209716796875,24.993499755859375,21.305870056152344,25.041889190673828,21.31839942932129,0,0
2020-10-16,24.916000366210938,21.284099578857422,25.01099967956543,21.347049713134766,24.799699783325195,21.129499435424805,24.91320037841797,21.284040451049805,0,0
2020-10-19,24.71980094909668,21.08880043029785,24.92289924621582,21.14678955078125,24.651599884033203,21.03569984436035,24.71820068359375,21.100650787353516,0,0
2020-10-20,24.940799713134766,21.207250595092773,25.067800521850586,21.263349533081055,24.888599395751953,21.037399291992188,24.941299438476562,21.195409774780273,0,0
2020-10-21,24.96489906311035,21.092599868774414,25.069700241088867,21.12299919128418,24.89459991455078,20.984800338745117,24.965099334716797,21.10485076904297,0,0
2020-10-22,25.069440841674805,21.149269104003906,25.127500534057617,21.2248592376709,24.810699462890625,20.971599578857422,25.068960189819336,21.152999877929688,0,0
2020-10-23,24.77050018310547,20.954200744628906,24.806900024414062,21.036800384521484,24.704099655151367,20.857999801635742,24.769800186157227,20.954999923706055,0,0
2020-10-26,24.765499114990234,20.90243911743164,24.952299118041992,21.129350662231445,24.74489974975586,20.875600814819336,24.765100479125977,20.903249740600586,0,0
2020-10-27,24.75589942932129,20.963790893554688,24.769800186157227,20.967939376831055,24.627899169921875,20.827800750732422,24.747800827026367,20.95722007751465,0,0
2020-10-28,24.778099060058594,21.01930046081543,25.03260040283203,21.35696029663086,24.75909996032715,21.0,24.776199340820312,21.03084945678711,0,0
2020-10-29,24.96179962158203,21.235599517822266,25.162700653076172,21.476219177246094,24.834999084472656,21.124300003051758,24.958799362182617,21.235000610351562,0,0
2020-10-30,24.94260025024414,21.345600128173828,25.088899612426758,21.491849899291992,24.739099502563477,21.170400619506836,24.929899215698242,21.340299606323242,0,0
2020-11-02,24.76580047607422,21.274450302124023,25.00510025024414,21.494850158691406,24.712099075317383,21.210500717163086,24.757299423217773,21.265899658203125,0,0
2020-11-03,24.877599716186523,21.371950149536133,24.908300399780273,21.38966941833496,24.58300018310547,21.008499145507812,24.878599166870117,21.359899520874023,0,0
2020-11-04,24.741100311279297,21.035709381103516,25.515300750732422,21.946399688720703,24.542499542236328,20.914600372314453,24.71809959411621,21.011070251464844,0,0
2020-11-05,24.575000762939453,20.93440055847168,24.650299072265625,21.038450241088867,24.406700134277344,20.633649826049805,24.593700408935547,20.951099395751953,0,0
2020-11-06,24.525699615478516,20.75550079345703,24.739599227905273,20.851459503173828,24.430400848388672,20.57052993774414,24.508899688720703,20.74675941467285,0,0
2020-11-09,24.402999877929688,20.520360946655273,24.423599243164062,20.54884910583496,23.839099884033203,20.03689956665039,24.398300170898438,20.516420364379883,0,0
2020-11-10,24.04400062561035,20.33530044555664,24.201799392700195,20.475130081176758,23.933900833129883,20.27574920654297,24.0487003326416,20.341480255126953,0,0
2020-11-11,24.03219985961914,20.322099685668945,24.219999313354492,20.59684944152832,23.87619972229004,20.234399795532227,24.029699325561523,20.33095932006836,0,0
2020-11-12,24.104900360107422,20.46430015563965,24.29439926147461,20.625080108642578,24.082500457763672,20.423599243164062,24.099000930786133,20.461050033569336,0,0
2020-11-13,24.319700241088867,20.60325050354004,24.41900062561035,20.6898193359375,24.175100326538086,20.448299407958984,24.32110023498535,20.603260040283203,0,0
2020-11-16,24.097299575805664,20.34473991394043,24.10580062866211,20.374910354614258,23.862499237060547,20.154909133911133,24.09939956665039,20.34678077697754,0,0
2020-11-17,24.02560043334961,20.259950637817383,24.2539005279541,20.42576026916504,24.010400772094727,20.22960090637207,24.026399612426758,20.260089874267578,0,0
2020-11-18,24.058700561523438,20.279489517211914,24.131999969482422,20.33138084411621,23.968299865722656,20.16069984436035,24.065200805664062,20.3075008392334,0,0
2020-11-19,24.0664005279541,20.312679290771484,24.16990089416504,20.429019927978516,23.873600006103516,20.162029266357422,24.074600219726562,20.329500198364258,0,0
2020-11-20,24.02199935913086,20.233400344848633,24.065000534057617,20.256149291992188,23.804000854492188,20.0669002532959,24.023099899291992,20.243980407714844,0,0
2020-11-23,23.833900451660156,20.086719512939453,23.87190055847168,20.1299991607666,23.726999282836914,19.944299697875977,23.829999923706055,20.08547019958496,0,0
2020-11-24,23.806100845336914,20.10154914855957,23.889699935913086,20.13360023498535,23.752300262451172,19.990249633789062,23.804100036621094,20.10243034362793,0,0
2020-11-25,23.825000762939453,20.02511978149414,23.932600021362305,20.091039657592773,23.790000915527344,19.954500198364258,23.828800201416016,20.030099868774414,0,0
2020-11-26,23.797000885009766,19.957599639892578,23.879899978637695,20.060649871826172,23.785200119018555,19.923500061035156,23.802600860595703,19.974409103393555,0,0
2020-11-27,23.872400283813477,20.02910041809082,24.010299682617188,20.086109161376953,23.815399169921875,19.965959548950195,23.871400833129883,20.029699325561523,0,0
2020-11-30,23.986600875854492,20.038070678710938,24.12070083618164,20.16200065612793,23.96269989013672,20.00909996032715,23.983400344848633,20.03675079345703,0,0
2020-12-01,24.066999435424805,20.16160011291504,24.17020034790039,20.1643009185791,24.009000778198242,19.996999740600586,24.060800552368164,20.143800735473633,0,0
2020-12-02,24.17650032043457,20.028749465942383,24.28730010986328,20.142080307006836,24.143699645996094,19.98710060119629,24.178199768066406,20.033119201660156,0,0
2020-12-03,24.22089958190918,19.992399215698242,24.264299392700195,20.026199340820312,24.12540054321289,19.85865020751953,24.224300384521484,19.999149322509766,0,0
2020-12-04,24.167600631713867,19.899200439453125,24.197099685668945,19.907089233398438,23.956899642944336,19.726600646972656,24.160999298095703,19.899599075317383,0,0
2020-12-07,23.975799560546875,19.7810001373291,24.127700805664062,19.96636962890625,23.976699829101562,19.765199661254883,23.976699829101562,19.783050537109375,0,0
2020-12-08,24.09320068359375,19.891019821166992,24.105499267578125,19.907140731811523,23.84469985961914,19.69879913330078,24.089399337768555,19.89512062072754,0,0
2020-12-09,23.959150314331055,19.775999069213867,24.009599685668945,19.88425064086914,23.881200790405273,19.687299728393555,23.960100173950195,19.786649703979492,0,0
2020-12-10,24.010400772094727,19.87611961364746,24.263399124145508,20.04258918762207,23.9591007232666,19.80699920654297,24.008480072021484,19.87752914428711,0,0
2020-12-11,24.291900634765625,19.990699768066406,24.479000091552734,20.190399169921875,24.25790023803711,19.941499710083008,24.292499542236328,19.99340057373047,0,0
2020-12-14,24.359800338745117,20.077800750732422,24.580299377441406,20.24612045288086,24.29199981689453,19.98550033569336,24.36210060119629,20.080400466918945,0,0
2020-12-15,24.573699951171875,20.228239059448242,24.614299774169922,20.258949279785156,24.404499053955078,20.06760025024414,24.574199676513672,20.228849411010742,0,0
2020-12-16,24.220399856567383,19.928279876708984,24.358699798583984,19.982900619506836,24.161300659179688,19.810199737548828,24.21940040588379,19.91659927368164,0,0
2020-12-17,24.234800338745117,19.871240615844727,24.32830047607422,19.881179809570312,24.14900016784668,19.73699951171875,24.23870086669922,19.873769760131836,0,0
2020-12-18,24.31909942626953,19.821500778198242,24.495399475097656,20.03430938720703,24.251699447631836,19.794099807739258,24.319000244140625,19.82360076904297,0,0
2020-12-21,24.54560089111328,20.09394073486328,25.0664005279541,20.645200729370117,24.487300872802734,20.03683090209961,24.529600143432617,20.090879440307617,0,0
2020-12-22,24.464000701904297,19.98240089416504,24.61639976501465,20.153060913085938,24.379199981689453,19.95870018005371,24.462099075317383,19.9822998046875,0,0
2020-12-23,24.498699188232422,20.10379981994629,24.568700790405273,20.204870223999023,24.40679931640625,20.01177978515625,24.498699188232422,20.105419158935547,0,0
2020-12-24,24.456499099731445,20.048900604248047,24.478099822998047,20.069950103759766,24.160999298095703,19.821800231933594,24.452299118041992,20.04129981994629,0,0
2020-12-25,24.211650848388672,19.868000030517578,24.24951934814453,19.879499435424805,24.176950454711914,19.844100952148438,24.18671989440918,19.864160537719727,0,0
2020-12-28,24.250200271606445,19.869680404663086,24.583900451660156,20.116989135742188,24.22760009765625,19.8346004486084,24.24970054626465,19.866840362548828,0,0
2020-12-29,24.44729995727539,20.006250381469727,24.561500549316406,20.055940628051758,24.3351993560791,19.861499786376953,24.4419002532959,20.00263023376465,0,0
2020-12-30,24.42340087890625,19.934999465942383,24.62299919128418,20.026670455932617,24.312999725341797,19.800100326538086,24.427900314331055,19.93708038330078,0,0
2020-12-31,24.464399337768555,19.890899658203125,24.478500366210938,19.937009811401367,24.301599502563477,19.83885955810547,24.461299896240234,19.890010833740234,0,0
2021-01-01,24.290000915527344,19.874500274658203,24.29199981689453,19.874500274658203,24.290000915527344,19.866600036621094,24.290000915527344,19.874500274658203,0,0
2021-01-04,24.3125,19.84749984741211,24.444599151611328,19.943880081176758,24.24020004272461,19.72450065612793,24.316999435424805,19.853750228881836,0,0
2021-01-05,24.431900024414062,19.94244956970215,24.65180015563965,20.09705924987793,24.30970001220703,19.80389976501465,24.43320083618164,19.941749572753906,0,0
2021-01-06,24.478900909423828,19.90220069885254,24.542600631713867,19.987449645996094,24.21820068359375,19.690799713134766,24.47920036315918,19.905099868774414,0,0
2021-01-07,24.252700805664062,19.65576934814453,24.452199935913086,19.938499450683594,24.141599655151367,19.618999481201172,24.257400512695312,19.662460327148438,0,0
2021-01-08,24.551000595092773,20.000099182128906,24.552000045776367,20.052349090576172,24.392000198364258,19.87236976623535,24.552000045776367,20.000699996948242,0,0
2021-01-11,24.431699752807617,20.05048942565918,24.623199462890625,20.256389617919922,24.42329978942871,20.03230094909668,24.441600799560547,20.0556697845459,0,0
2021-01-12,24.396299362182617,20.062400817871094,24.4148006439209,20.112239837646484,24.235000610351562,19.91670036315918,24.39349937438965,20.058929443359375,0,0
2021-01-13,24.1653995513916,19.794429779052734,24.21419906616211,19.886110305786133,24.011899948120117,19.738529205322266,24.162200927734375,19.791160583496094,0,0
2021-01-14,24.118999481201172,19.836349487304688,24.154300689697266,19.88545036315918,23.969900131225586,19.717100143432617,24.12849998474121,19.840740203857422,0,0
2021-01-15,23.965499877929688,19.723350524902344,24.064599990844727,19.889219284057617,23.882099151611328,19.685199737548828,23.965099334716797,19.723209381103516,0,0
2021-01-18,23.945600509643555,19.84351921081543,24.08989906311035,19.96339988708496,23.797500610351562,19.709699630737305,23.945999145507812,19.845149993896484,0,0
2021-01-19,23.786800384521484,19.695650100708008,23.88249969482422,19.727630615234375,23.756000518798828,19.584199905395508,23.787399291992188,19.682300567626953,0,0
2021-01-20,23.849000930786133,19.63599967956543,23.8710994720459,19.66642951965332,23.653600692749023,19.544300079345703,23.84939956665039,19.647380828857422,0,0
2021-01-21,23.727399826049805,19.585010528564453,23.97599983215332,19.750059127807617,23.70800018310547,19.53689956665039,23.724000930786133,19.585060119628906,0,0
2021-01-22,24.010499954223633,19.737060546875,24.342300415039062,19.994150161743164,24.002050399780273,19.710800170898438,24.011699676513672,19.73579978942871,0,0
2021-01-25,24.267499923706055,19.942880630493164,24.52519989013672,20.234800338745117,24.172199249267578,19.841699600219727,24.26919937133789,19.945899963378906,0,0
2021-01-26,24.413700103759766,20.10516929626465,24.5664005279541,20.28891944885254,24.25979995727539,19.93852996826172,24.417999267578125,20.110929489135742,0,0
2021-01-27,24.325349807739258,19.988300323486328,24.49920082092285,20.309389114379883,24.258399963378906,19.982900619506836,24.324800491333008,19.98780059814453,0,0
2021-01-28,24.60700035095215,20.33152961730957,24.73069953918457,20.45318031311035,24.513399124145508,20.223060607910156,24.5939998626709,20.319860458374023,0,0
2021-01-29,24.544300079345703,20.25225067138672,24.63479995727539,20.364469528198242,24.40180015563965,20.087900161743164,24.55579948425293,20.259349822998047,0,0
2021-02-01,24.858400344848633,20.50528907775879,24.859600067138672,20.50695037841797,24.49489974975586,20.253999710083008,24.845800399780273,20.49696922302246,0,0
2021-02-02,24.580299377441406,20.368160247802734,24.589799880981445,20.385360717773438,24.20840072631836,20.12558937072754,24.582399368286133,20.37158966064453,0,0
2021-02-03,24.242300033569336,20.137680053710938,24.313079833984375,20.239849090576172,24.14109992980957,20.064599990844727,24.245500564575195,20.140169143676758,0,0
2021-02-04,24.316499710083008,20.197080612182617,24.534799575805664,20.488719940185547,24.224700927734375,20.166000366210938,24.313600540161133,20.19247055053711,0,0
2021-02-05,24.39550018310547,20.387189865112305,24.412900924682617,20.417150497436523,24.165800094604492,20.086660385131836,24.401100158691406,20.392669677734375,0,0
2021-02-08,24.230199813842773,20.11138916015625,24.347000122070312,20.242290496826172,24.18400001525879,20.073640823364258,24.231800079345703,20.111669540405273,0,0
2021-02-09,24.227399826049805,20.103069305419922,24.356700897216797,20.142520904541016,24.20599937438965,20.009899139404297,24.225900650024414,20.09079933166504,0,0
2021-02-10,24.33449935913086,20.083850860595703,24.416400909423828,20.14505958557129,24.275400161743164,20.004070281982422,24.333799362182617,20.083480834960938,0,0
2021-02-11,24.273000717163086,20.02928924560547,24.29680061340332,20.054689407348633,24.157699584960938,19.891799926757812,24.27549934387207,20.031240463256836,0,0
2021-02-12,24.219100952148438,19.966279983520508,24.305500030517578,20.08361053466797,24.16670036315918,19.91629981994629,24.218599319458008,19.952499389648438,0,0
2021-02-15,24.1653995513916,19.936769485473633,24.218889236450195,19.97648048400879,24.144100189208984,19.87849998474121,24.167999267578125,19.940589904785156,0,0
2021-02-16,24.2185001373291,19.94930076599121,24.503999710083008,20.245559692382812,24.194799423217773,19.898099899291992,24.217599868774414,19.9622802734375,0,0
2021-02-17,24.456300735473633,20.225540161132812,24.525999069213867,20.379650115966797,24.26409912109375,20.150299072265625,24.453500747680664,20.22991943359375,0,0
2021-02-18,24.346200942993164,20.212539672851562,24.7091007232666,20.46841049194336,24.307600021362305,20.132400512695312,24.346500396728516,20.212810516357422,0,0
2021-02-19,24.555099487304688,20.308229446411133,24.809099197387695,20.462610244750977,24.543899536132812,20.253049850463867,24.555400848388672,20.308019638061523,0,0
2021-02-22,24.842300415039062,20.487449645996094,25.272199630737305,20.823749542236328,24.81450080871582,20.44659996032715,24.836999893188477,20.487009048461914,0,0
2021-02-23,25.23390007019043,20.742029190063477,25.253999710083008,20.76317024230957,24.96339988708496,20.514400482177734,25.237600326538086,20.735599517822266,0,0
2021-02-24,24.92959976196289,20.513269424438477,24.939300537109375,20.550600051879883,24.750600814819336,20.348289489746094,24.930500030517578,20.514589309692383,0,0
2021-02-25,24.799999237060547,20.377559661865234,25.566499710083008,20.912460327148438,24.796499252319336,20.37470054626465,24.805299758911133,20.383989334106445,0,0
2021-02-26,25.427000045776367,20.910900115966797,25.527999877929688,21.044309616088867,25.213699340820312,20.771099090576172,25.441600799560547,20.923389434814453,0,0
2021-03-01,25.131000518798828,20.789569854736328,25.144399642944336,20.867919921875,24.79560089111328,20.57740020751953,25.13249969482422,20.787700653076172,0,0
2021-03-02,24.883399963378906,20.654029846191406,24.97879981994629,20.78635025024414,24.808300018310547,20.5841007232666,24.887300491333008,20.656600952148438,0,0
2021-03-03,24.89715003967285,20.603410720825195,25.272300720214844,20.928159713745117,24.841299057006836,20.54439926147461,24.900800704956055,20.605609893798828,0,0
2021-03-04,25.251800537109375,20.956090927124023,25.262800216674805,20.96735954284668,24.98150062561035,20.7585391998291,25.260900497436523,20.96735954284668,0,0
2021-03-05,25.2903995513916,21.13340950012207,25.48590087890625,21.409210205078125,25.212600708007812,21.074499130249023,25.288999557495117,21.130859375,0,0
2021-03-08,25.347200393676758,21.255300521850586,25.669200897216797,21.63170051574707,25.301599502563477,21.213680267333984,25.348100662231445,21.259130477905273,0,0
2021-03-09,25.470699310302734,21.492490768432617,25.54050064086914,21.567699432373047,25.24570083618164,21.21044921875,25.469900131225586,21.491230010986328,0,0
2021-03-10,25.208799362182617,21.188819885253906,25.260299682617188,21.278200149536133,24.929100036621094,20.9512996673584,25.230199813842773,21.208999633789062,0,0
2021-03-11,24.92449951171875,20.90212059020996,24.936399459838867,20.92262077331543,24.721599578857422,20.69131088256836,24.924699783325195,20.902259826660156,0,0
2021-03-12,24.702999114990234,20.614999771118164,24.934600830078125,20.924959182739258,24.685800552368164,20.582199096679688,24.703399658203125,20.618989944458008,0,0
2021-03-15,24.747900009155273,20.711580276489258,24.83930015563965,20.823989868164062,24.616899490356445,20.63010025024414,24.748600006103516,20.709590911865234,0,0
2021-03-16,24.64335060119629,20.666690826416016,24.718900680541992,20.728260040283203,24.463899612426758,20.541200637817383,24.645999908447266,20.66472053527832,0,0
2021-03-17,24.530799865722656,20.599300384521484,24.752300262451172,20.808820724487305,24.514999389648438,20.587499618530273,24.520599365234375,20.60280990600586,0,0
2021-03-18,24.39889907836914,20.362770080566406,24.52589988708496,20.589460372924805,24.298500061035156,20.27739906311035,24.389999389648438,20.362150192260742,0,0
2021-03-19,24.412099838256836,20.48390007019043,24.456499099731445,20.546180725097656,24.13990020751953,20.294200897216797,24.409900665283203,20.469100952148438,0,0
2021-03-22,24.548999786376953,20.66080093383789,24.778600692749023,20.827619552612305,24.514699935913086,20.53849983215332,24.547199249267578,20.656150817871094,0,0
2021-03-23,24.552000045776367,20.575389862060547,24.782699584960938,20.830110549926758,24.391599655151367,20.541860580444336,24.55109977722168,20.574819564819336,0,0
2021-03-24,24.634700775146484,20.807910919189453,24.680700302124023,20.882640838623047,24.452999114990234,20.659299850463867,24.618799209594727,20.792009353637695,0,0
2021-03-25,24.683700561523438,20.882999420166016,24.72330093383789,20.9398193359375,24.467100143432617,20.768299102783203,24.67840003967285,20.890899658203125,0,0
2021-03-26,24.35610008239746,20.683029174804688,24.41080093383789,20.7273006439209,24.211299896240234,20.532800674438477,24.35740089416504,20.672100067138672,0,0
2021-03-29,24.319499969482422,20.632530212402344,24.48270034790039,20.785160064697266,24.244600296020508,20.58049964904785,24.318599700927734,20.63188934326172,0,0
2021-03-30,24.25119972229004,20.607379913330078,24.28569984436035,20.701169967651367,24.09469985961914,20.543699264526367,24.26099967956543,20.606300354003906,0,0
2021-03-31,24.121200561523438,20.576000213623047,24.151199340820312,20.631610870361328,23.966999053955078,20.404399871826172,24.118499755859375,20.561500549316406,0,0
2021-04-01,23.961650848388672,20.429100036621094,24.026500701904297,20.493799209594727,23.845399856567383,20.269800186157227,23.96339988708496,20.432050704956055,0,0
2021-04-02,23.897199630737305,20.29138946533203,23.92591094970703,20.3399600982666,23.867300033569336,20.26140022277832,23.898799896240234,20.279600143432617,0,0
2021-04-05,23.893600463867188,20.305219650268555,23.929000854492188,20.343379974365234,23.810300827026367,20.216899871826172,23.898700714111328,20.31178092956543,0,0
2021-04-06,23.99449920654297,20.30573081970215,24.059900283813477,20.375499725341797,23.85300064086914,20.130800247192383,23.99650001525879,20.30438995361328,0,0
2021-04-07,23.954200744628906,20.17445945739746,24.027099609375,20.221920013427734,23.925199508666992,20.137800216674805,23.958499908447266,20.164199829101562,0,0
2021-04-08,23.995500564575195,20.211299896240234,23.999500274658203,20.21739959716797,23.881399154663086,20.060699462890625,23.998699188232422,20.20330047607422,0,0
2021-04-09,23.947599411010742,20.098939895629883,24.016700744628906,20.222930908203125,23.918899536132812,20.069499969482422,23.947599411010742,20.0846004486084,0,0
2021-04-12,23.988100051879883,20.160409927368164,24.021099090576172,20.214750289916992,23.90250015258789,20.062999725341797,23.986600875854492,20.164609909057617,0,0
2021-04-13,23.99810028076172,20.14443016052246,24.06209945678711,20.21795082092285,23.92569923400879,20.03529930114746,23.99970054626465,20.134000778198242,0,0
2021-04-14,24.001800537109375,20.0674991607666,24.071300506591797,20.125280380249023,23.95359992980957,20.00629997253418,24.004600524902344,20.06719970703125,0,0
2021-04-15,24.068700790405273,20.0860595703125,24.07069969177246,20.095460891723633,23.815399169921875,19.89150047302246,24.066600799560547,20.07309913635254,0,0
2021-04-16,23.876800537109375,19.93589973449707,23.952199935913086,19.98995018005371,23.844900131225586,19.894399642944336,23.874099731445312,19.944650650024414,0,0
2021-04-19,23.85260009765625,19.91830062866211,23.911300659179688,19.93655014038086,23.78619956970215,19.791799545288086,23.850500106811523,19.92959976196289,0,0
2021-04-20,23.859800338745117,19.81344985961914,23.995100021362305,19.929710388183594,23.85099983215332,19.769699096679688,23.859100341796875,19.802400588989258,0,0
2021-04-21,24.013399124145508,19.94700050354004,24.03700065612793,19.98685073852539,23.845500946044922,19.854700088500977,24.01449966430664,19.959089279174805,0,0
2021-04-22,23.952199935913086,19.886600494384766,24.039199829101562,19.9781494140625,23.863500595092773,19.85689926147461,23.95330047607422,19.88559913635254,0,0
2021-04-23,23.948150634765625,19.933000564575195,24.008899688720703,19.93630027770996,23.8976993560791,19.810199737548828,23.94515037536621,19.929149627685547,0,0
2021-04-26,23.99970054626465,19.8525390625,24.01959991455078,19.883209228515625,23.93320083618164,19.78689956665039,23.996999740600586,19.850950241088867,0,0
2021-04-27,24.002700805664062,19.858600616455078,24.176000595092773,20.013919830322266,23.986000061035156,19.851200103759766,24.00469970703125,19.861099243164062,0,0
2021-04-28,24.23189926147461,20.03260040283203,24.242700576782227,20.080270767211914,24.109600067138672,19.929500579833984,24.22960090637207,20.044490814208984,0,0
2021-04-29,24.137699127197266,19.89167022705078,24.39739990234375,20.155010223388672,24.072599411010742,19.856300354003906,24.140899658203125,19.89345932006836,0,0
2021-04-30,24.292699813842773,20.02429962158203,24.368799209594727,20.210420608520508,24.203399658203125,20.004310607910156,24.290700912475586,20.034910202026367,0,0
2021-05-03,24.304100036621094,20.19580078125,24.479799270629883,20.314380645751953,24.296899795532227,20.14349937438965,24.304399490356445,20.212200164794922,0,0
2021-05-04,24.34269905090332,20.18779945373535,24.425199508666992,20.323299407958984,24.265899658203125,20.175399780273438,24.3439998626709,20.175399780273438,0,0
2021-05-05,24.275299072265625,20.193899154663086,24.298500061035156,20.2514705657959,24.20840072631836,20.152799606323242,24.272600173950195,20.203449249267578,0,0
2021-05-06,24.318700790405273,20.251169204711914,24.440900802612305,20.2922306060791,24.29800033569336,20.144899368286133,24.312999725341797,20.247079849243164,0,0
2021-05-07,24.247299194335938,20.085100173950195,24.28569984436035,20.109439849853516,24.127199172973633,19.845600128173828,24.252300262451172,20.09119987487793,0,0
2021-05-10,24.22610092163086,19.89240074157715,24.250099182128906,19.955299377441406,24.15049934387207,19.85300064086914,24.21969985961914,19.90690040588379,0,0
2021-05-11,24.17490005493164,19.91295051574707,24.23430061340332,19.964250564575195,24.124500274658203,19.81399917602539,24.17300033569336,19.89579963684082,0,0
2021-05-12,24.244199752807617,19.96368980407715,24.336200714111328,20.15591049194336,24.142200469970703,19.91510009765625,24.244199752807617,19.962650299072266,0,0
2021-05-13,24.329200744628906,20.142000198364258,24.385900497436523,20.20890998840332,24.18600082397461,20.047019958496094,24.331300735473633,20.149139404296875,0,0
2021-05-14,24.095199584960938,19.95039939880371,24.132600784301758,19.9685001373291,23.971200942993164,19.73979949951172,24.09149932861328,19.952329635620117,0,0
2021-05-17,24.142000198364258,19.870399475097656,24.22279930114746,19.94654083251953,24.044200897216797,19.782800674438477,24.142000198364258,19.86280059814453,0,0
2021-05-18,24.038299560546875,19.76129913330078,24.26140022277832,19.8575496673584,24.02899932861328,19.706499099731445,24.034799575805664,19.774259567260742,0,0
2021-05-19,24.25802993774414,19.84787940979004,24.3572998046875,19.942550659179688,24.179000854492188,19.7903995513916,24.26095962524414,19.848329544067383,0,0
2021-05-20,24.272300720214844,19.933000564575195,24.308500289916992,19.944839477539062,24.219100952148438,19.825300216674805,24.268800735473633,19.941200256347656,0,0
2021-05-21,24.311899185180664,19.8887996673584,24.36479949951172,19.970720291137695,24.210800170898438,19.85919952392578,24.30940055847168,19.872100830078125,0,0
2021-05-24,24.285900115966797,19.937349319458008,24.406200408935547,19.986900329589844,24.23550033569336,19.836200714111328,24.28580093383789,19.938949584960938,0,0
2021-05-25,24.27389907836914,19.874000549316406,24.371400833129883,19.900400161743164,24.24570083618164,19.798599243164062,24.26930046081543,19.87042999267578,0,0
2021-05-26,24.377199172973633,19.905799865722656,24.379199981689453,19.91786003112793,24.253999710083008,19.819000244140625,24.378000259399414,19.894899368286133,0,0
2021-05-27,24.242300033569336,19.870800018310547,24.360200881958008,19.98339080810547,24.190799713134766,19.81399917602539,24.24180030822754,19.887409210205078,0,0
2021-05-28,24.3262996673584,19.95185089111328,24.453699111938477,20.073320388793945,24.254600524902344,19.922300338745117,24.32539939880371,19.952199935913086,0,0
2021-05-31,24.30470085144043,19.92609977722168,24.381399154663086,19.950450897216797,24.258899688720703,19.874099731445312,24.304800033569336,19.939760208129883,0,0
2021-06-01,24.377500534057617,19.917499542236328,24.378299713134766,19.93368911743164,24.280099868774414,19.8341007232666,24.37779998779297,19.91550064086914,0,0
2021-06-02,24.38680076599121,19.961200714111328,24.410499572753906,20.01228904724121,24.28190040588379,19.870399475097656,24.38759994506836,19.961320877075195,0,0
2021-06-03,24.305200576782227,19.894800186157227,24.363100051879883,20.080049514770508,24.28030014038086,19.881099700927734,24.304800033569336,19.907150268554688,0,0
2021-06-04,24.44379997253418,20.140399932861328,24.466699600219727,20.205249786376953,24.233200073242188,19.907699584960938,24.446199417114258,20.153810501098633,0,0
2021-06-07,24.277599334716797,19.943899154663086,24.290599822998047,19.96215057373047,24.010000228881836,19.725200653076172,24.278600692749023,19.95840072631836,0,0
2021-06-08,24.177400588989258,19.822399139404297,24.179100036621094,19.85239028930664,24.051000595092773,19.738399505615234,24.17729949951172,19.824199676513672,0,0
2021-06-09,23.98509979248047,19.70207977294922,23.994400024414062,19.70680046081543,23.9060001373291,19.58769989013672,23.983400344848633,19.701980590820312,0,0
2021-06-10,24.02720069885254,19.73027992248535,24.036100387573242,19.769649505615234,23.940099716186523,19.647899627685547,24.0310001373291,19.736600875854492,0,0
2021-06-11,23.982500076293945,19.70319938659668,24.15410041809082,19.961610794067383,23.88599967956543,19.624740600585938,23.983200073242188,19.702699661254883,0,0
2021-06-14,24.065200805664062,19.870899200439453,24.180500030517578,19.9345703125,24.012500762939453,19.826499938964844,24.062599182128906,19.858999252319336,0,0
2021-06-15,24.1737003326416,19.943099975585938,24.475200653076172,20.191410064697266,24.13360023498535,19.871700286865234,24.169300079345703,19.938400268554688,0,0
2021-06-16,24.28860092163086,20.021299362182617,24.406700134277344,20.129539489746094,24.189899444580078,19.94300079345703,24.290700912475586,20.033899307250977,0,0
2021-06-17,24.46769905090332,20.39788055419922,24.60070037841797,20.617399215698242,24.317399978637695,20.316299438476562,24.466699600219727,20.39150047302246,0,0
2021-06-18,24.327499389648438,20.41069984436035,24.591899871826172,20.741289138793945,24.267200469970703,20.374540328979492,24.32509994506836,20.419599533081055,0,0
2021-06-21,24.491899490356445,20.621999740600586,24.586200714111328,20.70680046081543,24.422199249267578,20.52899932861328,24.493200302124023,20.626300811767578,0,0
2021-06-22,24.426599502563477,20.505849838256836,24.593700408935547,20.665620803833008,24.42530059814453,20.49690055847168,24.42840003967285,20.509279251098633,0,0
2021-06-23,24.289499282836914,20.33930015563965,24.317699432373047,20.403350830078125,24.161500930786133,20.211959838867188,24.28890037536621,20.348960876464844,0,0
2021-06-24,24.090070724487305,20.19586944580078,24.10610008239746,20.211050033569336,23.896099090576172,20.005300521850586,24.09440040588379,20.193660736083984,0,0
2021-06-25,23.68670082092285,19.846900939941406,23.7455997467041,19.887990951538086,23.569400787353516,19.703100204467773,23.69379997253418,19.851999282836914,0,0
2021-06-28,23.667299270629883,19.80820083618164,23.743999481201172,19.89777946472168,23.569599151611328,19.742300033569336,23.666500091552734,19.820789337158203,0,0
2021-06-29,23.637699127197266,19.817169189453125,23.654399871826172,19.881040573120117,23.515499114990234,19.76810073852539,23.63909912109375,19.805999755859375,0,0
2021-06-30,23.5793399810791,19.8031005859375,23.625200271606445,19.93906021118164,23.509199142456055,19.769100189208984,23.57900047302246,19.815410614013672,0,0
2021-07-01,23.63629913330078,19.934429168701172,23.805400848388672,20.073150634765625,23.60099983215332,19.897499084472656,23.634700775146484,19.936649322509766,0,0
2021-07-02,23.702999114990234,20.010099411010742,23.70829963684082,20.04129981994629,23.488500595092773,19.79990005493164,23.70359992980957,20.010129928588867,0,0
2021-07-05,23.471500396728516,19.79810905456543,23.56599998474121,19.86549949645996,23.47599983215332,19.772300720214844,23.47599983215332,19.791400909423828,0,0
2021-07-06,23.5314998626709,19.824899673461914,23.674400329589844,20.023700714111328,23.43560028076172,19.7637996673584,23.53730010986328,19.843299865722656,0,0
2021-07-07,23.658599853515625,20.011659622192383,23.684900283813477,20.09494972229004,23.534400939941406,19.89389991760254,23.65760040283203,20.01409912109375,0,0
2021-07-08,23.527650833129883,19.95039939880371,23.82309913635254,20.154539108276367,23.527599334716797,19.93440055847168,23.527599334716797,19.950790405273438,0,0
2021-07-09,23.669300079345703,19.98110008239746,23.71139907836914,20.031829833984375,23.566999435424805,19.861099243164062,23.663999557495117,19.96649932861328,0,0
2021-07-12,23.593700408935547,19.860700607299805,23.708200454711914,20.003509521484375,23.519500732421875,19.82819938659668,23.595399856567383,19.874799728393555,0,0
2021-07-13,23.53459930419922,19.82740020751953,23.69070053100586,20.051990509033203,23.513099670410156,19.800800323486328,23.537200927734375,19.839000701904297,0,0
2021-07-14,23.61359977722168,20.042200088500977,23.613500595092773,20.05525016784668,23.50189971923828,19.876300811767578,23.61240005493164,20.04199981689453,0,0
2021-07-15,23.54800033569336,19.900949478149414,23.59480094909668,19.967449188232422,23.512500762939453,19.85460090637207,23.547800064086914,19.890100479125977,0,0
2021-07-16,23.538799285888672,19.92938995361328,23.554100036621094,19.95170021057129,23.412599563598633,19.825389862060547,23.540199279785156,19.928369522094727,0,0
2021-07-19,23.524200439453125,19.904199600219727,23.639789581298828,20.059099197387695,23.509199142456055,19.90089988708496,23.52869987487793,19.92169952392578,0,0
2021-07-20,23.641300201416016,20.03809928894043,23.73870086669922,20.189130783081055,23.56719970703125,19.98579978942871,23.644899368286133,20.041900634765625,0,0
2021-07-21,23.72249984741211,20.136049270629883,23.863800048828125,20.245159149169922,23.676599502563477,20.09910011291504,23.722400665283203,20.135499954223633,0,0
2021-07-22,23.758150100708008,20.147140502929688,23.87150001525879,20.218229293823242,23.705699920654297,20.099899291992188,23.757850646972656,20.14706039428711,0,0
2021-07-23,23.66469955444336,20.102750778198242,23.69499969482422,20.14628028869629,23.506500244140625,19.992000579833984,23.66320037841797,20.099899291992188,0,0
2021-07-26,23.613800048828125,20.058300018310547,23.739900588989258,20.158769607543945,23.614500045776367,19.983800888061523,23.616199493408203,20.0492000579834,0,0
2021-07-27,23.653099060058594,20.02429962158203,23.709199905395508,20.13585090637207,23.569299697875977,19.934900283813477,23.65530014038086,20.02790069580078,0,0
2021-07-28,23.602399826049805,19.954099655151367,23.607999801635742,20.00589942932129,23.503000259399414,19.911500930786133,23.605499267578125,19.966270446777344,0,0
2021-07-29,23.6028995513916,19.913799285888672,23.62299919128418,19.929380416870117,23.55069923400879,19.80900001525879,23.6018009185791,19.912500381469727,0,0
2021-07-30,23.61750030517578,19.85140037536621,23.655500411987305,19.904600143432617,23.51740074157715,19.787399291992188,23.61720085144043,19.860370635986328,0,0
2021-08-02,23.585899353027344,19.865699768066406,23.60930061340332,19.899259567260742,23.525699615478516,19.793800354003906,23.584699630737305,19.878389358520508,0,0
2021-08-03,23.630399703979492,19.90169906616211,23.636600494384766,19.925819396972656,23.548999786376953,19.81450080871582,23.627899169921875,19.888099670410156,0,0
2021-08-04,23.588899612426758,19.862600326538086,23.649999618530273,19.976470947265625,23.536800384521484,19.807300567626953,23.586750030517578,19.862499237060547,0,0
2021-08-05,23.641399383544922,19.960399627685547,23.66320037841797,19.99268913269043,23.551599502563477,19.881200790405273,23.640499114990234,19.9606990814209,0,0
2021-08-06,23.581499099731445,19.928260803222656,23.59429931640625,20.03618049621582,23.450000762939453,19.893600463867188,23.581600189208984,19.929500579833984,0,0
2021-08-09,23.589500427246094,20.069799423217773,23.622699737548828,20.113929748535156,23.519699096679688,19.98259925842285,23.592899322509766,20.081100463867188,0,0
2021-08-10,23.55422019958496,20.069869995117188,23.616300582885742,20.164859771728516,23.528799057006836,20.03730010986328,23.5575008392334,20.07155990600586,0,0
2021-08-11,23.538299560546875,20.070499420166016,23.556499481201172,20.11039924621582,23.398000717163086,19.92300033569336,23.53510093688965,20.070600509643555,0,0
2021-08-12,23.399900436401367,19.929500579833984,23.416950225830078,19.954519271850586,23.311100006103516,19.866500854492188,23.39459991455078,19.926300048828125,0,0
2021-08-13,23.414600372314453,19.951379776000977,23.442100524902344,19.97538948059082,23.35580062866211,19.825599670410156,23.413000106811523,19.951379776000977,0,0
2021-08-16,23.4330997467041,19.85770034790039,23.482200622558594,19.917200088500977,23.372900009155273,19.835100173950195,23.430200576782227,19.86370086669922,0,0
2021-08-17,23.429800033569336,19.88010025024414,23.484600067138672,19.998859405517578,23.38719940185547,19.858800888061523,23.430700302124023,19.894699096679688,0,0
2021-08-18,23.413799285888672,19.997549057006836,23.443199157714844,20.023969650268555,23.375499725341797,19.938800811767578,23.414899826049805,19.98509979248047,0,0
2021-08-19,23.451000213623047,20.039039611816406,23.6033992767334,20.19662094116211,23.427400588989258,20.026399612426758,23.45210075378418,20.029199600219727,0,0
2021-08-20,23.56279945373535,20.167200088500977,23.884700775146484,20.45220947265625,23.537139892578125,20.13159942626953,23.5625,20.180099487304688,0,0
2021-08-23,23.839000701904297,20.381500244140625,23.970300674438477,20.440399169921875,23.78230094909668,20.26613998413086,23.83880043029785,20.377099990844727,0,0
2021-08-24,23.8612003326416,20.317949295043945,23.893999099731445,20.360830307006836,23.808000564575195,20.238399505615234,23.86240005493164,20.317129135131836,0,0
2021-08-25,23.746999740600586,20.206100463867188,23.906099319458008,20.34758949279785,23.681499481201172,20.160600662231445,23.746700286865234,20.20240020751953,0,0
2021-08-26,23.812299728393555,20.216100692749023,23.96179962158203,20.38450050354004,23.81060028076172,20.21190071105957,23.81060028076172,20.22886085510254,0,0
2021-08-27,23.937400817871094,20.366500854492188,24.003999710083008,20.423139572143555,23.826799392700195,20.191200256347656,23.938400268554688,20.369300842285156,0,0
2021-08-30,23.80430030822754,20.1643009185791,23.858699798583984,20.222700119018555,23.73349952697754,20.10569953918457,23.80109977722168,20.172199249267578,0,0
2021-08-31,23.75210952758789,20.139249801635742,23.822900772094727,20.14349937438965,23.64459991455078,20.025299072265625,23.752180099487305,20.13728904724121,0,0
2021-09-01,23.704500198364258,20.059600830078125,23.718399047851562,20.09709930419922,23.614099502563477,19.917200088500977,23.703800201416016,20.059499740600586,0,0
2021-09-02,23.678800582885742,19.99774932861328,23.695999145507812,20.012649536132812,23.618999481201172,19.91710090637207,23.67690086364746,19.99464988708496,0,0
2021-09-03,23.7012996673584,19.962350845336914,23.733999252319336,19.980499267578125,23.60700035095215,19.843599319458008,23.70170021057129,19.94879913330078,0,0
2021-09-06,23.67639923095703,19.909000396728516,23.678600311279297,19.932050704956055,23.570999145507812,19.857999801635742,23.678600311279297,19.922550201416016,0,0
2021-09-07,23.62849998474121,19.888099670410156,23.703500747680664,19.963809967041016,23.600400924682617,19.873300552368164,23.629100799560547,19.888900756835938,0,0
2021-09-08,23.614900588989258,19.927799224853516,23.64150047302246,19.980180740356445,23.500259399414062,19.881200790405273,23.614900588989258,19.939599990844727,0,0
2021-09-09,23.56599998474121,19.927499771118164,23.58687973022461,19.963159561157227,23.513200759887695,19.86549949645996,23.563400268554688,19.927000045776367,0,0
2021-09-10,23.572099685668945,19.921600341796875,23.576000213623047,19.944000244140625,23.472400665283203,19.847000122070312,23.570100784301758,19.925600051879883,0,0
2021-09-13,23.477800369262695,19.86549949645996,23.484500885009766,19.90719985961914,23.384199142456055,19.835500717163086,23.47879981994629,19.86549949645996,0,0
2021-09-14,23.47260093688965,19.86199951171875,23.54509925842285,19.920299530029297,23.466999053955078,19.84239959716797,23.474199295043945,19.864099502563477,0,0
2021-09-15,23.497800827026367,19.897300720214844,23.53689956665039,19.91884994506836,23.46339988708496,19.852100372314453,23.496700286865234,19.908950805664062,0,0
2021-09-16,23.46739959716797,19.844499588012695,23.479400634765625,19.962270736694336,23.362300872802734,19.835599899291992,23.468700408935547,19.8572998046875,0,0
2021-09-17,23.458999633789062,19.940549850463867,23.51420021057129,20.01593017578125,23.426000595092773,19.89299964904785,23.45949935913086,19.927799224853516,0,0
2021-09-20,23.476280212402344,20.01849937438965,23.683500289916992,20.201129913330078,23.467050552368164,20.002399444580078,23.47909927368164,20.017669677734375,0,0
2021-09-21,23.592500686645508,20.118940353393555,23.632099151611328,20.156539916992188,23.52630043029785,20.04990005493164,23.59309959411621,20.122180938720703,0,0
2021-09-22,23.61009979248047,20.128700256347656,23.614999771118164,20.1439208984375,23.489599227905273,20.011430740356445,23.610300064086914,20.127899169921875,0,0
2021-09-23,23.4768009185791,20.086759567260742,23.537500381469727,20.118610382080078,23.41080093383789,19.972200393676758,23.477100372314453,20.068899154663086,0,0
2021-09-24,23.54129981994629,20.052900314331055,23.656400680541992,20.18910026550293,23.524599075317383,20.036100387573242,23.54330062866211,20.052080154418945,0,0
2021-09-27,23.510099411010742,20.053499221801758,23.562000274658203,20.14841079711914,23.430500030517578,19.996999740600586,23.506349563598633,20.05430030822754,0,0
2021-09-28,23.5093994140625,20.089500427246094,23.75200080871582,20.33776092529297,23.492900848388672,20.082700729370117,23.510099411010742,20.089799880981445,0,0
2021-09-29,23.756799697875977,20.329769134521484,23.845399856567383,20.496959686279297,23.658700942993164,20.272199630737305,23.75469970703125,20.32716941833496,0,0
2021-09-30,23.795000076293945,20.501100540161133,23.848899841308594,20.577350616455078,23.7106990814209,20.441999435424805,23.796499252319336,20.51289939880371,0,0
2021-10-01,23.875099182128906,20.615400314331055,24.00670051574707,20.725610733032227,23.753599166870117,20.467199325561523,23.87420082092285,20.62837028503418,0,0
2021-10-04,23.697799682617188,20.41819953918457,23.96579933166504,20.60457992553711,23.687299728393555,20.406999588012695,23.697900772094727,20.406999588012695,0,0
2021-10-05,23.814899444580078,20.50160026550293,23.898000717163086,20.605899810791016,23.77429962158203,20.483699798583984,23.815200805664062,20.502099990844727,0,0
2021-10-06,23.866300582885742,20.570199966430664,24.10409927368164,20.880599975585938,23.838899612426758,20.56376075744629,23.863100051879883,20.58139991760254,0,0
2021-10-07,23.75349998474121,20.5575008392334,23.870399475097656,20.644670486450195,23.668100357055664,20.4512996673584,23.75349998474121,20.546199798583984,0,0
2021-10-08,23.874099731445312,20.654130935668945,24.043500900268555,20.78215980529785,23.777000427246094,20.534500122070312,23.87459945678711,20.64189910888672,0,0
2021-10-11,23.96649932861328,20.7231502532959,24.0935001373291,20.809650421142578,23.95050048828125,20.683500289916992,23.965999603271484,20.71150016784668,0,0
2021-10-12,24.09869956970215,20.847000122070312,24.16069984436035,20.899349212646484,23.958599090576172,20.749099731445312,24.095500946044922,20.85757064819336,0,0
2021-10-13,23.97599983215332,20.780000686645508,24.005199432373047,20.793649673461914,23.88290023803711,20.638399124145508,23.975900650024414,20.783100128173828,0,0
2021-10-14,23.83989906311035,20.553699493408203,23.94179916381836,20.656049728393555,23.82379913330078,20.50510025024414,23.838499069213867,20.54330062866211,0,0
2021-10-15,23.82229995727539,20.541799545288086,23.877399444580078,20.590740203857422,23.701099395751953,20.432199478149414,23.822099685668945,20.541900634765625,0,0
2021-10-18,23.60849952697754,20.347000122070312,23.760700225830078,20.49271011352539,23.584800720214844,20.31797981262207,23.609500885009766,20.361900329589844,0,0
2021-10-19,23.701799392700195,20.397499084472656,23.738000869750977,20.413400650024414,23.566999435424805,20.239099502563477,23.702299118041992,20.39579963684082,0,0
2021-10-20,23.53529930114746,20.22209930419922,23.591899871826172,20.277599334716797,23.474000930786133,20.155399322509766,23.538999557495117,20.222000122070312,0,0
2021-10-21,23.5625,20.221500396728516,23.646099090576172,20.312509536743164,23.532800674438477,20.186399459838867,23.56170082092285,20.22170066833496,0,0
2021-10-22,23.60420036315918,20.29319953918457,23.629899978637695,20.327499389648438,23.43429946899414,20.121700286865234,23.60449981689453,20.304759979248047,0,0
2021-10-25,23.497699737548828,20.188899993896484,23.548799514770508,20.22705078125,23.405000686645508,20.141599655151367,23.49570083618164,20.184999465942383,0,0
2021-10-26,23.430299758911133,20.170499801635742,23.45989990234375,20.21969985961914,23.37470054626465,20.106000900268555,23.429800033569336,20.169300079345703,0,0
2021-10-27,23.420299530029297,20.196910858154297,23.471900939941406,20.254600524902344,23.394800186157227,20.14546012878418,23.416099548339844,20.191659927368164,0,0
2021-10-28,23.55299949645996,20.304800033569336,23.774200439453125,20.371299743652344,23.500999450683594,20.253799438476562,23.550600051879883,20.293399810791016,0,0
2021-10-29,23.806400299072266,20.378400802612305,23.907100677490234,20.56584930419922,23.701499938964844,20.364900588989258,23.80970001220703,20.379600524902344,0,0
2021-11-01,23.750499725341797,20.55270004272461,24.17690086364746,20.865549087524414,23.731199264526367,20.539499282836914,23.752700805664062,20.548900604248047,0,0
2021-11-02,24.18670082092285,20.839599609375,24.260299682617188,20.90876007080078,24.00469970703125,20.70775032043457,24.185800552368164,20.835500717163086,0,0
2021-11-03,24.074399948120117,20.78030014038086,24.257600784301758,20.976470947265625,24.013500213623047,20.71809959411621,24.074800491333008,20.78019905090332,0,0
2021-11-04,23.861299514770508,20.531700134277344,23.894899368286133,20.64672088623047,23.699800491333008,20.49945068359375,23.861299514770508,20.543359756469727,0,0
2021-11-05,23.739500045776367,20.545900344848633,23.84749984741211,20.6330509185791,23.528600692749023,20.405799865722656,23.740869522094727,20.545570373535156,0,0
2021-11-08,23.566600799560547,20.372800827026367,23.631000518798828,20.41883087158203,23.511499404907227,20.311599731445312,23.566600799560547,20.373300552368164,0,0
2021-11-09,23.56100082397461,20.332950592041016,23.579200744628906,20.37150001525879,23.46430015563965,20.24850082397461,23.561199188232422,20.332189559936523,0,0
2021-11-10,23.558300018310547,20.319150924682617,23.603500366210938,20.470029830932617,23.494199752807617,20.298900604248047,23.553800582885742,20.305299758911133,0,0
2021-11-11,23.667499542236328,20.606399536132812,23.722900390625,20.686370849609375,23.451499938964844,20.44499969482422,23.660600662231445,20.600299835205078,0,0
2021-11-12,23.62310028076172,20.636430740356445,23.713499069213867,20.717519760131836,23.410200119018555,20.4555606842041,23.62150001525879,20.635400772094727,0,0
2021-11-15,23.481700897216797,20.52419090270996,23.609699249267578,20.67919921875,23.43429946899414,20.457799911499023,23.484600067138672,20.525999069213867,0,0
2021-11-16,23.422100067138672,20.59480094909668,23.657499313354492,20.84486961364746,23.368000030517578,20.54170036315918,23.4237003326416,20.607269287109375,0,0
2021-11-17,23.48870086669922,20.753799438476562,23.523799896240234,20.799549102783203,23.379199981689453,20.646299362182617,23.489299774169922,20.76099967956543,0,0
2021-11-18,23.376399993896484,20.64539909362793,23.67169952392578,20.88574981689453,23.376100540161133,20.626800537109375,23.376100540161133,20.645099639892578,0,0
2021-11-19,23.610599517822266,20.75950050354004,23.614700317382812,20.885700225830078,23.363300323486328,20.66699981689453,23.614700317382812,20.774599075317383,0,0
2021-11-22,23.520000457763672,20.86083984375,23.622800827026367,20.977859497070312,23.465099334716797,20.80109977722168,23.520599365234375,20.86083984375,0,0
2021-11-23,23.613800048828125,20.99370002746582,23.975500106811523,21.285449981689453,23.60004997253418,20.970300674438477,23.614200592041016,20.995500564575195,0,0
2021-11-24,23.912799835205078,21.265499114990234,24.166000366210938,21.592199325561523,23.79669952392578,21.194799423217773,23.903499603271484,21.260799407958984,0,0
2021-11-25,23.988000869750977,21.40089988708496,24.189899444580078,21.57097053527832,23.958099365234375,21.349199295043945,23.9906005859375,21.40180015563965,0,0
2021-11-26,24.24799919128418,21.624500274658203,24.95789909362793,22.149980545043945,24.250600814819336,21.624000549316406,24.250600814819336,21.636199951171875,0,0
2021-11-29,24.537099838256836,21.72960090637207,24.820899963378906,21.988399505615234,24.450300216674805,21.67169952392578,24.532100677490234,21.728900909423828,0,0
2021-11-30,24.48259925842285,21.68079948425293,24.725799560546875,21.83139991760254,24.10740089416504,21.28219985961914,24.481300354003906,21.678499221801758,0,0
2021-12-01,24.27440071105957,21.411800384521484,24.29599952697754,21.435319900512695,23.961299896240234,21.117599487304688,24.262699127197266,21.404699325561523,0,0
2021-12-02,24.303199768066406,21.471569061279297,24.311800003051758,21.47797966003418,24.05340003967285,21.239980697631836,24.30470085144043,21.462900161743164,0,0
2021-12-03,24.09469985961914,21.30854034423828,24.283899307250977,21.486099243164062,23.920299530029297,21.152999877929688,24.09160041809082,21.296100616455078,0,0
2021-12-06,23.98780059814453,21.22100067138672,24.063400268554688,21.29475975036621,23.87660026550293,21.159900665283203,23.986600875854492,21.223499298095703,0,0
2021-12-07,23.959199905395508,21.22369956970215,23.99959945678711,21.29578971862793,23.661500930786133,21.039649963378906,23.9606990814209,21.234600067138672,0,0
2021-12-08,23.702600479125977,21.028200149536133,23.74839973449707,21.031999588012695,23.598400115966797,20.878599166870117,23.702899932861328,21.017900466918945,0,0
2021-12-09,23.752500534057617,20.925800323486328,23.81220054626465,21.071149826049805,23.679899215698242,20.891399383544922,23.751300811767578,20.925600051879883,0,0
2021-12-10,23.66029930114746,20.950700759887695,23.760299682617188,21.052539825439453,23.550800323486328,20.84429931640625,23.659799575805664,20.949899673461914,0,0
2021-12-13,23.61319923400879,20.876300811767578,23.690200805664062,20.9737491607666,23.50149917602539,20.83139991760254,23.611299514770508,20.87653923034668,0,0
2021-12-14,23.697399139404297,20.993600845336914,23.918909072875977,21.225109100341797,23.648000717163086,20.95669937133789,23.695899963378906,20.99209976196289,0,0
2021-12-15,23.89590072631836,21.218900680541992,23.952699661254883,21.278249740600586,23.83449935913086,21.14699935913086,23.893699645996094,21.21649932861328,0,0
2021-12-16,23.746700286865234,21.033199310302734,23.794200897216797,21.079099655151367,23.59079933166504,20.84469985961914,23.748899459838867,21.031959533691406,0,0
2021-12-17,23.597299575805664,20.819400787353516,23.63990020751953,20.861570358276367,23.345500946044922,20.690500259399414,23.60059928894043,20.81917953491211,0,0
2021-12-20,23.42300033569336,20.829299926757812,23.577499389648438,20.949880599975586,23.37179946899414,20.689199447631836,23.42180061340332,20.83489990234375,0,0
2021-12-21,23.405399322509766,20.755399703979492,23.528200149536133,20.8270206451416,23.334800720214844,20.69969940185547,23.399099349975586,20.741500854492188,0,0
2021-12-22,23.497299194335938,20.822500228881836,23.54450035095215,20.856050491333008,23.44409942626953,20.725099563598633,23.502700805664062,20.818410873413086,0,0
2021-12-23,23.47010040283203,20.710399627685547,23.505399703979492,20.731599807739258,23.33679962158203,20.63949966430664,23.46929931640625,20.72100067138672,0,0
2021-12-24,23.350799560546875,20.62809944152832,23.405399322509766,20.641399383544922,23.289400100708008,20.567699432373047,23.348600387573242,20.62529945373535,0,0
2021-12-27,23.34749984741211,20.607200622558594,23.48539924621582,20.74020004272461,23.278600692749023,20.576200485229492,23.33049964904785,20.608999252319336,0,0
2021-12-28,23.445600509643555,20.6835994720459,23.460800170898438,20.72330093383789,23.225000381469727,20.550899505615234,23.438899993896484,20.693199157714844,0,0
2021-12-29,23.374500274658203,20.662200927734375,23.40410041809082,20.669599533081055,23.25079917907715,20.541200637817383,23.374500274658203,20.651899337768555,0,0
2021-12-30,23.363819122314453,20.558000564575195,23.365299224853516,20.60810089111328,23.180999755859375,20.476900100708008,23.361299514770508,20.5575008392334,0,0
2021-12-31,23.16390037536621,20.4591007232666,23.316600799560547,20.49597930908203,23.06559944152832,20.32476043701172,23.170000076293945,20.462200164794922,0,0
2022-01-03,23.292299270629883,20.481599807739258,23.32110023498535,20.646020889282227,23.18000030517578,20.408100128173828,23.292999267578125,20.481599807739258,0,0
2022-01-04,23.162700653076172,20.486000061035156,23.268600463867188,20.632129669189453,23.053600311279297,20.415109634399414,23.162500381469727,20.49839973449707,0,0
2022-01-05,23.16550064086914,20.52199935913086,23.213699340820312,20.56049919128418,23.06410026550293,20.329999923706055,23.165700912475586,20.522300720214844,0,0
2022-01-06,23.272300720214844,20.56369972229004,23.44219970703125,20.750410079956055,23.05389976501465,20.397600173950195,23.273300170898438,20.57084083557129,0,0
2022-01-07,23.160499572753906,20.493099212646484,23.210500717163086,20.515649795532227,23.07040023803711,20.356199264526367,23.161300659179688,20.505599975585938,0,0
2022-01-10,23.149499893188477,20.390470504760742,23.2322998046875,20.52012062072754,23.03070068359375,20.34079933166504,23.148500442504883,20.39069938659668,0,0
2022-01-11,23.079299926757812,20.358200073242188,23.153900146484375,20.44845962524414,23.065000534057617,20.32699966430664,23.077600479125977,20.368940353393555,0,0
2022-01-12,23.175199508666992,20.39051055908203,23.28730010986328,20.440629959106445,23.15760040283203,20.318119049072266,23.173999786376953,20.387100219726562,0,0
2022-01-13,23.293800354003906,20.362850189208984,23.40239906311035,20.411399841308594,23.289600372314453,20.323200225830078,23.291099548339844,20.360700607299805,0,0
2022-01-14,23.29490089416504,20.333669662475586,23.33650016784668,20.351449966430664,23.170900344848633,20.26849937438965,23.297100067138672,20.324499130249023,0,0
2022-01-17,23.162599563598633,20.301000595092773,23.229799270629883,20.3518009185791,23.130599975585938,20.26729965209961,23.165300369262695,20.301000595092773,0,0
2022-01-18,23.150100708007812,20.289499282836914,23.239599227905273,20.403560638427734,23.07710075378418,20.266799926757812,23.15060043334961,20.29129981994629,0,0
2022-01-19,23.108800888061523,20.398799896240234,23.236299514770508,20.480600357055664,23.052200317382812,20.318099975585938,23.107799530029297,20.396499633789062,0,0
2022-01-20,23.264699935913086,20.500499725341797,23.291000366210938,20.51580047607422,23.13909912109375,20.371299743652344,23.26580047607422,20.50200080871582,0,0
2022-01-21,23.225799560546875,20.530719757080078,23.266799926757812,20.553560256958008,23.172700881958008,20.432809829711914,23.220399856567383,20.522319793701172,0,0
2022-01-24,23.189599990844727,20.448150634765625,23.385700225830078,20.67612075805664,23.139299392700195,20.42300033569336,23.192100524902344,20.451370239257812,0,0
2022-01-25,23.296600341796875,20.573829650878906,23.35569953918457,20.690420150756836,23.257999420166016,20.56130027770996,23.29509925842285,20.572900772094727,0,0
2022-01-26,23.29199981689453,20.60700035095215,23.32229995727539,20.670700073242188,23.17460060119629,20.539600372314453,23.292400360107422,20.607620239257812,0,0
2022-01-27,23.282400131225586,20.71540069580078,23.346900939941406,20.806699752807617,23.04640007019043,20.655170440673828,23.282800674438477,20.713130950927734,0,0
2022-01-28,23.143800735473633,20.76740074157715,23.322399139404297,20.89657974243164,23.101999282836914,20.70210075378418,23.14550018310547,20.766660690307617,0,0
2022-01-31,23.2278995513916,20.82900047302246,23.24329948425293,20.836999893188477,23.10610008239746,20.606000900268555,23.227100372314453,20.830400466918945,0,0
2022-02-01,23.174299240112305,20.625900268554688,23.19580078125,20.645780563354492,23.097299575805664,20.494600296020508,23.17259979248047,20.625900268554688,0,0
2022-02-02,23.16080093383789,20.545700073242188,23.308399200439453,20.636579513549805,23.12700080871582,20.470500946044922,23.159799575805664,20.53339958190918,0,0
2022-02-03,23.290300369262695,20.601200103759766,23.506399154663086,20.649389266967773,23.215999603271484,20.506000518798828,23.28619956970215,20.60856056213379,0,0
2022-02-04,23.516799926757812,20.564599990844727,23.77669906616211,20.787080764770508,23.50279998779297,20.52899932861328,23.51609992980957,20.565919876098633,0,0
2022-02-07,23.656600952148438,20.653600692749023,23.68709945678711,20.69502067565918,23.54840087890625,20.573699951171875,23.658000946044922,20.65570068359375,0,0
2022-02-08,23.558799743652344,20.580799102783203,23.619129180908203,20.68383026123047,23.506200790405273,20.57939910888672,23.557600021362305,20.580299377441406,0,0
2022-02-09,23.519760131835938,20.597620010375977,23.53499984741211,20.6205997467041,23.410999298095703,20.471900939941406,23.52400016784668,20.58489990234375,0,0
2022-02-10,23.39889907836914,20.48784065246582,23.470500946044922,20.535490036010742,23.27989959716797,20.350439071655273,23.3976993560791,20.487239837646484,0,0
2022-02-11,23.459199905395508,20.557199478149414,23.49370002746582,20.631969451904297,23.223499298095703,20.358699798583984,23.45639991760254,20.5585994720459,0,0
2022-02-14,23.307899475097656,20.510440826416016,23.329500198364258,20.568099975585938,23.047199249267578,20.38629913330078,23.313800811767578,20.514549255371094,0,0
2022-02-15,23.07349967956543,20.40899085998535,23.17180061340332,20.445220947265625,23.065399169921875,20.33989906311035,23.0669002532959,20.392000198364258,0,0
2022-02-16,23.156700134277344,20.383800506591797,23.195100784301758,20.409099578857422,23.101699829101562,20.298999786376953,23.15597915649414,20.384599685668945,0,0
2022-02-17,23.08340072631836,20.286399841308594,23.11750030517578,20.351659774780273,23.00320053100586,20.231000900268555,23.07430076599121,20.292299270629883,0,0
2022-02-18,23.074600219726562,20.29159927368164,23.091800689697266,20.333650588989258,22.980100631713867,20.24574089050293,23.076099395751953,20.307050704956055,0,0
2022-02-21,22.966999053955078,20.295249938964844,23.07270050048828,20.311649322509766,22.958999633789062,20.235200881958008,22.965499877929688,20.29450035095215,0,0
2022-02-22,22.986000061035156,20.322980880737305,23.069599151611328,20.369979858398438,22.959199905395508,20.25670051574707,22.985599517822266,20.325199127197266,0,0
2022-02-23,22.99090003967285,20.29439926147461,23.00429916381836,20.29557991027832,22.863800048828125,20.146499633789062,22.99410057067871,20.281700134277344,0,0
2022-02-24,22.887300491333008,20.231700897216797,23.032699584960938,20.677520751953125,22.770700454711914,20.231199264526367,22.881500244140625,20.239599227905273,0,0
2022-02-25,23.010000228881836,20.563369750976562,23.038299560546875,20.56934928894043,22.80929946899414,20.379289627075195,23.00950050354004,20.561859130859375,0,0
2022-02-28,22.99970054626465,20.573139190673828,23.04990005493164,20.611560821533203,22.80820083618164,20.310100555419922,22.996000289916992,20.569950103759766,0,0
2022-03-01,22.95870018005371,20.4606990814209,22.974899291992188,20.585729598999023,22.79680061340332,20.377899169921875,22.962600708007812,20.46339988708496,0,0
2022-03-02,22.979999542236328,20.64310073852539,23.060100555419922,20.79199981689453,22.884899139404297,20.615930557250977,22.971799850463867,20.629499435424805,0,0
2022-03-03,22.93790054321289,20.642549514770508,22.97879981994629,20.751699447631836,22.849000930786133,20.615699768066406,22.939599990844727,20.642160415649414,0,0
2022-03-04,22.840200424194336,20.63939094543457,22.957000732421875,20.96725082397461,22.706100463867188,20.628599166870117,22.841299057006836,20.628599166870117,0,0
2022-03-07,22.798099517822266,20.96925926208496,23.073299407958984,21.26129913330078,22.7007999420166,20.94879913330078,22.80069923400879,20.971519470214844,0,0
2022-03-08,23.14739990234375,21.305349349975586,23.39080047607422,21.462690353393555,23.087499618530273,21.246400833129883,23.149099349975586,21.30030059814453,0,0
2022-03-09,23.279699325561523,21.362390518188477,23.295799255371094,21.358999252319336,23.080900192260742,20.92569923400879,23.27400016784668,21.350990295410156,0,0
2022-03-10,23.148700714111328,20.905189514160156,23.367399215698242,21.060039520263672,23.020999908447266,20.89109992980957,23.146699905395508,20.90452003479004,0,0
2022-03-11,23.03849983215332,20.91200065612793,23.100000381469727,21.046499252319336,22.90719985961914,20.841299057006836,23.034799575805664,20.919069290161133,0,0
2022-03-14,22.839599609375,20.887510299682617,22.95949935913086,20.97757911682129,22.802400588989258,20.820600509643555,22.850000381469727,20.902099609375,0,0
2022-03-15,22.872840881347656,20.90036964416504,23.01129913330078,20.92613983154297,22.86240005493164,20.823400497436523,22.87299919128418,20.89604949951172,0,0
2022-03-16,22.839000701904297,20.812599182128906,22.86240005493164,20.84950065612793,22.75469970703125,20.656919479370117,22.84119987487793,20.827909469604492,0,0
2022-03-17,22.74690055847168,20.630699157714844,22.85420036315918,20.663009643554688,22.720699310302734,20.55286979675293,22.747900009155273,20.638999938964844,0,0
2022-03-18,22.768199920654297,20.514089584350586,22.796300888061523,20.539579391479492,22.512500762939453,20.39590072631836,22.767000198364258,20.514110565185547,0,0
2022-03-21,22.510000228881836,20.381149291992188,22.561500549316406,20.410810470581055,22.384300231933594,20.258499145507812,22.508399963378906,20.385059356689453,0,0
2022-03-22,22.453800201416016,20.381900787353516,22.458499908447266,20.417409896850586,22.32469940185547,20.242000579833984,22.456899642944336,20.386089324951172,0,0
2022-03-23,22.368900299072266,20.272199630737305,22.372299194335938,20.285289764404297,22.151199340820312,20.146400451660156,22.365400314331055,20.267499923706055,0,0
2022-03-24,22.26059913635254,20.226640701293945,22.268400192260742,20.234039306640625,22.11840057373047,20.112699508666992,22.255599975585938,20.211299896240234,0,0
2022-03-25,22.103700637817383,20.066299438476562,22.150699615478516,20.09136962890625,21.90060043334961,19.90995979309082,22.103900909423828,20.079299926757812,0,0
2022-03-28,21.99650001525879,20.030149459838867,22.15130043029785,20.184179306030273,21.948299407958984,20.004499435424805,21.99527931213379,20.030149459838867,0,0
2022-03-29,22.086599349975586,20.091249465942383,22.239360809326172,20.111270904541016,22.040000915527344,19.914400100708008,22.086200714111328,20.091249465942383,0,0
2022-03-30,22.143999099731445,19.965599060058594,22.2273006439209,19.973100662231445,22.118099212646484,19.813499450683594,22.145700454711914,19.965599060058594,0,0
2022-03-31,22.186199188232422,19.878150939941406,22.21430015563965,19.964599609375,22.04949951171875,19.806299209594727,22.181299209594727,19.878150939941406,0,0
2022-04-01,22.005699157714844,19.875200271606445,22.05389976501465,19.9300594329834,21.81679916381836,19.750999450683594,22.003400802612305,19.875200271606445,0,0
2022-04-04,21.94059944152832,19.8572998046875,21.948200225830078,19.868200302124023,21.686899185180664,19.723100662231445,21.94420051574707,19.8572998046875,0,0
2022-04-05,21.741100311279297,19.8093204498291,21.77519989013672,19.939559936523438,21.65999984741211,19.754899978637695,21.742799758911133,19.8093204498291,0,0
2022-04-06,21.792200088500977,19.98259925842285,21.900800704956055,20.0748291015625,21.765100479125977,19.96150016784668,21.789199829101562,19.98259925842285,0,0
2022-04-07,21.97130012512207,20.161460876464844,22.02720069885254,20.187999725341797,21.891799926757812,20.094999313354492,21.969200134277344,20.161460876464844,0,0
2022-04-08,21.869400024414062,20.130319595336914,21.9330997467041,20.185100555419922,21.831199645996094,20.065000534057617,21.874000549316406,20.130319595336914,0,0
2022-04-11,21.83919906616211,20.064849853515625,21.917499542236328,20.121139526367188,21.75670051574707,19.99090003967285,21.844200134277344,20.064849853515625,0,0
2022-04-12,21.691499710083008,19.941940307617188,21.689599990844727,19.943880081176758,21.524499893188477,19.776399612426758,21.689599990844727,19.941940307617188,0,0
2022-04-13,21.43790054321289,19.80328941345215,21.53459930419922,19.827470779418945,21.37649917602539,19.73349952697754,21.43869972229004,19.80328941345215,0,0
2022-04-14,21.530799865722656,19.76129913330078,21.6481990814209,20.009979248046875,21.49679946899414,19.717500686645508,21.533199310302734,19.76129913330078,0,0
2022-04-15,21.603200912475586,19.962299346923828,21.606000900268555,19.973499298095703,21.499300003051758,19.92970085144043,21.59280014038086,19.962299346923828,0,0
2022-04-18,21.578800201416016,19.95359992980957,21.591529846191406,20.00497055053711,21.495500564575195,19.881999969482422,21.57939910888672,19.95359992980957,0,0
2022-04-19,21.355100631713867,19.79520034790039,21.651199340820312,20.068239212036133,21.288169860839844,19.753299713134766,21.352500915527344,19.79520034790039,0,0
2022-04-20,21.607900619506836,20.018110275268555,21.75510025024414,20.066850662231445,21.59160041809082,19.9330997467041,21.61210060119629,20.018110275268555,0,0
2022-04-21,21.681499481201172,19.97369956970215,21.938199996948242,20.201210021972656,21.6387996673584,19.970199584960938,21.6830997467041,19.97369956970215,0,0
2022-04-22,21.86910057067871,20.184650421142578,22.019899368286133,20.376720428466797,21.865999221801758,20.15920066833496,21.86910057067871,20.184650421142578,0,0
2022-04-25,21.881799697875977,20.23200035095215,21.98069953918457,20.474159240722656,21.678600311279297,20.229400634765625,21.885499954223633,20.23200035095215,0,0
2022-04-26,21.669300079345703,20.214599609375,21.78499984741211,20.442949295043945,21.61829948425293,20.180599212646484,21.669300079345703,20.214599609375,0,0
2022-04-27,21.693199157714844,20.380319595336914,21.703800201416016,20.52872085571289,21.524900436401367,20.312999725341797,21.699199676513672,20.380319595336914,0,0
2022-04-28,21.513500213623047,20.372299194335938,21.65719985961914,20.631549835205078,21.420400619506836,20.335899353027344,21.512699127197266,20.372299194335938,0,0
2022-04-29,21.47909927368164,20.441299438476562,21.587499618530273,20.449499130249023,21.3528995513916,20.289100646972656,21.480199813842773,20.441299438476562,0,0
2022-05-02,21.510299682617188,20.41737937927246,21.54800033569336,20.48031997680664,21.391799926757812,20.331199645996094,21.5132999420166,20.41737937927246,0,0
2022-05-03,21.499900817871094,20.448200225830078,21.523300170898438,20.473730087280273,21.405799865722656,20.271900177001953,21.493900299072266,20.448200225830078,0,0
2022-05-04,21.344900131225586,20.280059814453125,21.371000289916992,20.30171012878418,21.267799377441406,20.177099227905273,21.34749984741211,20.280059814453125,0,0
2022-05-05,21.282100677490234,20.038259506225586,21.344600677490234,20.31175994873047,21.15290069580078,19.992599487304688,21.28860092163086,20.038259506225586,0,0
2022-05-06,21.30430030822754,20.21470069885254,21.41830062866211,20.29400062561035,21.242300033569336,20.071500778198242,21.304000854492188,20.21470069885254,0,0
2022-05-09,21.262399673461914,20.176300048828125,21.485599517822266,20.388500213623047,21.231800079345703,20.18600082397461,21.26449966430664,20.176300048828125,0,0
2022-05-10,21.514299392700195,20.3635196685791,21.57430076599121,20.43195915222168,21.38050079345703,20.26799964904785,21.515300750732422,20.3635196685791,0,0
2022-05-11,21.460100173950195,20.380359649658203,21.510400772094727,20.455379486083984,21.333200454711914,20.220199584960938,21.45669937133789,20.380359649658203,0,0
2022-05-12,21.357500076293945,20.319730758666992,21.434799194335938,20.467300415039062,21.067899703979492,20.257699966430664,21.357200622558594,20.319730758666992,0,0
2022-05-13,20.9596004486084,20.172700881958008,21.014799118041992,20.250810623168945,20.922300338745117,20.120899200439453,20.960800170898438,20.172700881958008,0,0
2022-05-16,20.894699096679688,20.09126091003418,20.998600006103516,20.175500869750977,20.866199493408203,20.034900665283203,20.893999099731445,20.09126091003418,0,0
2022-05-17,20.8981990814209,20.019100189208984,21.068500518798828,20.037330627441406,20.884899139404297,19.915300369262695,20.901500701904297,20.019100189208984,0,0
2022-05-18,21.030500411987305,19.93549919128418,21.050600051879883,20.007980346679688,20.903400421142578,19.869600296020508,21.03230094909668,19.93549919128418,0,0
2022-05-19,20.980600357055664,20.023000717163086,21.128000259399414,20.067230224609375,20.95400047302246,19.862600326538086,20.98740005493164,20.023000717163086,0,0
2022-05-20,21.08530044555664,19.923599243164062,21.134300231933594,19.96002960205078,20.917499542236328,19.824899673461914,21.084400177001953,19.923599243164062,0,0
2022-05-23,20.978900909423828,19.84942054748535,21.18400001525879,19.8885498046875,20.979900360107422,19.77815055847168,20.982099533081055,19.84942054748535,0,0
2022-05-24,21.274999618530273,19.917959213256836,21.37070083618164,19.939050674438477,21.197599411010742,19.78510093688965,21.281099319458008,19.917959213256836,0,0
2022-05-25,21.297199249267578,19.84269905090332,21.303699493408203,19.926149368286133,21.140199661254883,19.8080997467041,21.295900344848633,19.84269905090332,0,0
2022-05-26,21.188899993896484,19.818199157714844,21.23740005493164,19.862199783325195,21.135400772094727,19.750099182128906,21.186199188232422,19.818199157714844,0,0
2022-05-27,21.21310043334961,19.75189971923828,21.267000198364258,19.786100387573242,20.950599670410156,19.539899826049805,21.215099334716797,19.75189971923828,0,0
2022-05-30,21.0132999420166,19.56999969482422,21.035499572753906,19.586679458618164,20.897600173950195,19.412099838256836,21.01650047302246,19.56999969482422,0,0
2022-05-31,21.052400588989258,19.531299591064453,21.157499313354492,19.732059478759766,20.931800842285156,19.521900177001953,21.054500579833984,19.531299591064453,0,0
2022-06-01,21.089799880981445,19.648740768432617,21.135900497436523,19.765300750732422,20.992700576782227,19.59040069580078,21.091899871826172,19.648740768432617,0,0
2022-06-02,20.99519920349121,19.71306037902832,21.02039909362793,19.720300674438477,20.940399169921875,19.51759910583496,20.992399215698242,19.71306037902832,0,0
2022-06-03,21.006999969482422,19.52790069580078,21.027599334716797,19.609790802001953,20.928800582885742,19.486799240112305,21.005699157714844,19.52790069580078,0,0
2022-06-06,20.962200164794922,19.54521942138672,20.96769905090332,19.596460342407227,20.860700607299805,19.4606990814209,20.96619987487793,19.54521942138672,0,0
2022-06-07,20.917200088500977,19.555299758911133,20.971599578857422,19.629940032958984,20.82900047302246,19.499099731445312,20.91830062866211,19.555299758911133,0,0
2022-06-08,20.956300735473633,19.57670021057129,21.083900451660156,19.679349899291992,20.933300018310547,19.55229949951172,20.958799362182617,19.57670021057129,0,0
2022-06-09,20.991500854492188,19.587099075317383,21.061100006103516,19.625120162963867,20.85070037841797,19.518600463867188,20.988000869750977,19.587099075317383,0,0
2022-06-10,20.8927001953125,19.676300048828125,20.98419952392578,19.96380043029785,20.808000564575195,19.605199813842773,20.89349937438965,19.676300048828125,0,0
2022-06-13,20.99839973449707,20.019460678100586,21.3656005859375,20.496200561523438,20.99650001525879,20.002099990844727,20.99799919128418,20.019460678100586,0,0
2022-06-14,21.328800201416016,20.466800689697266,21.54010009765625,20.68613052368164,21.239500045776367,20.341400146484375,21.323299407958984,20.466800689697266,0,0
2022-06-15,21.460599899291992,20.560659408569336,21.609399795532227,20.684249877929688,21.43950080871582,20.51799964904785,21.46500015258789,20.560659408569336,0,0
2022-06-16,21.143299102783203,20.222150802612305,21.714399337768555,20.697250366210938,21.138200759887695,20.208799362182617,21.158100128173828,20.222150802612305,0,0
2022-06-17,21.520099639892578,20.397199630737305,21.554100036621094,20.571800231933594,21.376699447631836,20.295499801635742,21.527799606323242,20.397199630737305,0,0
2022-06-20,21.290199279785156,20.294309616088867,21.38360023498535,20.372699737548828,21.274499893188477,20.218700408935547,21.288799285888672,20.294309616088867,0,0
2022-06-21,21.321699142456055,20.26849937438965,21.363100051879883,20.281110763549805,21.231199264526367,20.116300582885742,21.32360076904297,20.26849937438965,0,0
2022-06-22,21.219240188598633,20.136999130249023,21.253299713134766,20.245119094848633,21.09950065612793,19.997800827026367,21.221399307250977,20.136999130249023,0,0
2022-06-23,21.190000534057617,20.04949951171875,21.21030044555664,20.138669967651367,21.02079963684082,19.993200302124023,21.194700241088867,20.04949951171875,0,0
2022-06-24,21.06529998779297,20.009899139404297,21.134300231933594,20.076200485229492,20.93613052368164,19.824920654296875,21.06529998779297,20.009899139404297,0,0
2022-06-27,21.01799964904785,19.892559051513672,21.098400115966797,19.937509536743164,20.951200485229492,19.8080997467041,21.02389907836914,19.892559051513672,0,0
2022-06-28,21.069900512695312,19.90290069580078,21.126100540161133,20.021099090576172,20.978900909423828,19.860700607299805,21.066200256347656,19.90290069580078,0,0
2022-06-29,21.2007999420166,20.1466007232666,21.230300903320312,20.20599937438965,21.061399459838867,20.061599731445312,21.199600219726562,20.1466007232666,0,0
2022-06-30,21.029300689697266,20.130359649658203,21.126399993896484,20.256479263305664,20.96150016784668,20.112499237060547,21.031930923461914,20.130359649658203,0,0
2022-07-01,21.06290054321289,20.102949142456055,21.218000411987305,20.449689865112305,21.04990005493164,20.08839988708496,21.061800003051758,20.102949142456055,0,0
2022-07-04,21.13719940185547,20.250200271606445,21.23579978942871,20.334569931030273,21.131200790405273,20.204599380493164,21.136699676513672,20.250200271606445,0,0
2022-07-05,21.15220069885254,20.268400192260742,21.167800903320312,20.601980209350586,20.969499588012695,20.222000122070312,21.153900146484375,20.268400192260742,0,0
2022-07-06,21.06209945678711,20.522899627685547,21.191299438476562,20.782970428466797,20.97330093383789,20.480499267578125,21.05150032043457,20.522899627685547,0,0
2022-07-07,21.0310001373291,20.64109992980957,21.08009910583496,20.672710418701172,20.908300399780273,20.512500762939453,21.03380012512207,20.64109992980957,0,0
2022-07-08,20.837299346923828,20.493999481201172,20.875699996948242,20.584030151367188,20.70669937133789,20.365190505981445,20.837400436401367,20.493999481201172,0,0
2022-07-11,20.80120086669922,20.46269989013672,20.953899383544922,20.78154945373535,20.725000381469727,20.453399658203125,20.805700302124023,20.46269989013672,0,0
2022-07-12,20.831100463867188,20.721200942993164,20.992300033569336,20.9254207611084,20.7992000579834,20.719900131225586,20.829700469970703,20.721200942993164,0,0
2022-07-13,20.930099487304688,20.8664608001709,21.01959991455078,20.99049949645996,20.87030029296875,20.70808982849121,20.935300827026367,20.8664608001709,0,0
2022-07-14,20.868499755859375,20.790800094604492,20.962400436401367,21.04184913635254,20.82430076599121,20.74970054626465,20.87179946899414,20.790800094604492,0,0
2022-07-15,20.857900619506836,20.805889129638672,20.94849967956543,20.886489868164062,20.744300842285156,20.553300857543945,20.854999542236328,20.805889129638672,0,0
2022-07-18,20.70709991455078,20.49959945678711,20.804399490356445,20.520259857177734,20.595500946044922,20.32029914855957,20.707300186157227,20.49959945678711,0,0
2022-07-19,20.740699768066406,20.44502067565918,20.959699630737305,20.46826934814453,20.700199127197266,20.307199478149414,20.743000030517578,20.44502067565918,0,0
2022-07-20,20.993499755859375,20.519800186157227,21.083799362182617,20.587820053100586,20.873300552368164,20.43440055847168,20.996400833129883,20.519800186157227,0,0
2022-07-21,20.926000595092773,20.54210090637207,21.091899871826172,20.695199966430664,20.895599365234375,20.47566032409668,20.9281005859375,20.54210090637207,0,0
2022-07-22,21.120100021362305,20.65410041809082,21.121000289916992,20.71879005432129,20.92091941833496,20.490100860595703,21.121000289916992,20.65410041809082,0,0
2022-07-25,20.956499099731445,20.53459930419922,20.972700119018555,20.578659057617188,20.879899978637695,20.38909912109375,20.960500717163086,20.53459930419922,0,0
2022-07-26,20.90690040588379,20.450700759887695,20.936599731445312,20.534400939941406,20.681299209594727,20.398300170898438,20.912799835205078,20.450700759887695,0,0
2022-07-27,20.726999282836914,20.453699111938477,20.802600860595703,20.56039047241211,20.678699493408203,20.36989974975586,20.72559928894043,20.453699111938477,0,0
2022-07-28,20.804399490356445,20.373300552368164,20.830699920654297,20.442899703979492,20.618600845336914,20.295499801635742,20.806299209594727,20.373300552368164,0,0
2022-07-29,20.68239974975586,20.281200408935547,20.78860092163086,20.37809944152832,20.57939910888672,20.195100784301758,20.685699462890625,20.281200408935547,0,0
2022-08-01,20.804399490356445,20.374500274658203,20.89900016784668,20.420799255371094,20.743900299072266,20.23040008544922,20.811899185180664,20.374500274658203,0,0
2022-08-02,20.926799774169922,20.383499145507812,21.096200942993164,20.529010772705078,20.868000030517578,20.383699417114258,20.93440055847168,20.383499145507812,0,0
2022-08-03,21.133499145507812,20.810909271240234,21.143299102783203,20.82468032836914,20.850200653076172,20.553199768066406,21.132699966430664,20.810909271240234,0,0
2022-08-04,20.814199447631836,20.492700576782227,20.861299514770508,20.496599197387695,20.71179962158203,20.290870666503906,20.81730079650879,20.492700576782227,0,0
2022-08-05,20.826000213623047,20.323699951171875,20.8605899810791,20.48724937438965,20.680500030517578,20.30270004272461,20.82740020751953,20.323699951171875,0,0
2022-08-08,20.768999099731445,20.42140007019043,20.781999588012695,20.436500549316406,20.650400161743164,20.244300842285156,20.77429962158203,20.42140007019043,0,0
2022-08-09,20.651599884033203,20.2406005859375,20.75119972229004,20.299270629882812,20.63050079345703,20.187700271606445,20.65239906311035,20.2406005859375,0,0
2022-08-10,20.671899795532227,20.239999771118164,20.751800537109375,20.26675033569336,20.589000701904297,19.904399871826172,20.66990089416504,20.239999771118164,0,0
2022-08-11,20.6205997467041,20.015100479125977,20.70870018005371,20.044200897216797,20.583999633789062,19.89430046081543,20.621299743652344,20.015100479125977,0,0
2022-08-12,20.58370018005371,19.93320083618164,20.59510040283203,19.97410011291504,20.372699737548828,19.855600357055664,20.583599090576172,19.93320083618164,0,0
2022-08-15,20.358299255371094,19.85363006591797,20.39780044555664,20.005090713500977,20.19969940185547,19.821800231933594,20.361400604248047,19.85363006591797,0,0
2022-08-16,20.139699935913086,19.808300018310547,20.331600189208984,19.96360969543457,20.10099983215332,19.802900314331055,20.14299964904785,19.808300018310547,0,0
2022-08-17,20.24090003967285,19.903539657592773,20.431699752807617,20.08102035522461,20.21739959716797,19.88290023803711,20.24036979675293,19.903539657592773,0,0
2022-08-18,20.333999633789062,19.970399856567383,20.384000778198242,20.09164047241211,20.269100189208984,19.916500091552734,20.33919906616211,19.970399856567383,0,0
2022-08-19,20.309999465942383,20.130159378051758,20.40019989013672,20.263830184936523,20.259000778198242,20.117000579833984,20.31100082397461,20.130159378051758,0,0
2022-08-22,20.258699417114258,20.189050674438477,20.268800735473633,20.236520767211914,20.029800415039062,20.13479995727539,20.257099151611328,20.189050674438477,0,0
2022-08-23,20.01490020751953,20.12689971923828,20.01650047302246,20.158090591430664,19.882699966430664,19.9424991607666,20.010700225830078,20.12689971923828,0,0
2022-08-24,19.916099548339844,19.983680725097656,19.993799209594727,20.00666046142578,19.773500442504883,19.8794002532959,19.916000366210938,19.983680725097656,0,0
2022-08-25,19.84980010986328,19.902599334716797,19.916500091552734,19.957820892333984,19.812700271606445,19.837099075317383,19.84910011291504,19.902599334716797,0,0
2022-08-26,19.872900009155273,19.919099807739258,20.048799514770508,19.969419479370117,19.846200942993164,19.858200073242188,19.873300552368164,19.919099807739258,0,0
2022-08-29,19.954700469970703,20.067800521850586,20.059999465942383,20.1452693939209,19.934499740600586,19.964099884033203,19.94969940185547,20.067800521850586,0,0
2022-08-30,20.015499114990234,19.984800338745117,20.152299880981445,20.140300750732422,19.936399459838867,19.89859962463379,20.016700744628906,19.984800338745117,0,0
2022-08-31,20.18600082397461,20.127300262451172,20.242399215698242,20.236879348754883,20.13129997253418,20.07029914855957,20.183900833129883,20.127300262451172,0,0
2022-09-01,20.26420021057129,20.186660766601562,20.309799194335938,20.290620803833008,20.082700729370117,20.133399963378906,20.261600494384766,20.186660766601562,0,0
2022-09-02,20.080699920654297,20.166900634765625,20.15410041809082,20.199310302734375,19.96769905090332,19.912399291992188,20.079299926757812,20.166900634765625,0,0
2022-09-05,19.788999557495117,19.970500946044922,19.872119903564453,20.022600173950195,19.74489974975586,19.933900833129883,19.7908992767334,19.970500946044922,0,0
2022-09-06,19.875080108642578,19.965599060058594,19.970699310302734,20.166790008544922,19.806400299072266,19.9345703125,19.879600524902344,19.965599060058594,0,0
2022-09-07,19.923900604248047,20.131500244140625,19.956499099731445,20.185380935668945,19.885099411010742,20.005699157714844,19.926700592041016,20.131500244140625,0,0
2022-09-08,19.983699798583984,19.981800079345703,20.109399795532227,20.095399856567383,19.896350860595703,19.939699172973633,19.986000061035156,19.981800079345703,0,0
2022-09-09,19.965099334716797,19.933500289916992,20.111499786376953,19.94499969482422,19.949499130249023,19.8572998046875,19.962799072265625,19.933500289916992,0,0
2022-09-12,20.01129913330078,19.859100341796875,20.238300323486328,19.88365936279297,19.98710060119629,19.74250030517578,20.014799118041992,19.859100341796875,0,0
2022-09-13,20.087099075317383,19.830020904541016,20.168699264526367,20.09122085571289,20.05500030517578,19.77280044555664,20.086299896240234,19.830020904541016,0,0
2022-09-14,20.001399993896484,20.03190040588379,20.050600051879883,20.066659927368164,19.936199188232422,19.940799713134766,19.999799728393555,20.03190040588379,0,0
2022-09-15,19.927099227905273,19.95159912109375,20.072799682617188,20.0814208984375,19.903499603271484,19.939699172973633,19.922300338745117,19.95159912109375,0,0
2022-09-16,20.066299438476562,20.08099937438965,20.096900939941406,20.15753936767578,19.98940086364746,20.00819969177246,20.065000534057617,20.08099937438965,0,0
2022-09-19,20.07349967956543,20.03022003173828,20.14419937133789,20.15644073486328,19.99850082397461,19.971599578857422,20.070199966430664,20.03022003173828,0,0
2022-09-20,19.970300674438477,19.903099060058594,20.017900466918945,20.075620651245117,19.943700790405273,19.88755989074707,19.97319984436035,19.903099060058594,0,0
2022-09-21,19.9281005859375,19.976299285888672,19.93950080871582,20.039779663085938,19.75,19.960399627685547,19.927900314331055,19.976299285888672,0,0
2022-09-22,19.703399658203125,20.044099807739258,19.743499755859375,20.074630737304688,19.58690071105957,19.833499908447266,19.703800201416016,20.044099807739258,0,0
2022-09-23,19.598100662231445,19.919200897216797,19.666099548339844,20.18560028076172,19.526939392089844,19.89430046081543,19.594900131225586,19.919200897216797,0,0
2022-09-26,19.576000213623047,20.211259841918945,19.669099807739258,20.371030807495117,19.412900924682617,20.1875,19.57270050048828,20.211259841918945,0,0
2022-09-27,19.601499557495117,20.37074089050293,19.631799697875977,20.42392921447754,19.519399642944336,20.2544002532959,19.599000930786133,20.37074089050293,0,0
2022-09-28,19.544700622558594,20.368629455566406,19.662700653076172,20.575759887695312,19.460399627685547,20.273500442504883,19.54520034790039,20.368629455566406,0,0
2022-09-29,19.594499588012695,20.18494987487793,19.747499465942383,20.274110794067383,19.48430061340332,20.106300354003906,19.593799591064453,20.18494987487793,0,0
2022-09-30,19.780399322509766,20.12455940246582,19.815799713134766,20.191410064697266,19.56450080871582,20.04330062866211,19.77429962158203,20.12455940246582,0,0
2022-10-03,19.69890022277832,20.117389678955078,19.738300323486328,20.13088035583496,19.57029914855957,19.95730972290039,19.697900772094727,20.117389678955078,0,0
2022-10-04,19.68090057373047,20.00670051574707,19.927499771118164,20.044240951538086,19.649999618530273,19.94849967956543,19.686199188232422,20.00670051574707,0,0
2022-10-05,19.93280029296875,19.965190887451172,19.945999145507812,20.149709701538086,19.80739974975586,19.929800033569336,19.931100845336914,19.965190887451172,0,0
2022-10-06,19.86709976196289,20.03380012512207,19.891599655151367,20.15233039855957,19.69420051574707,19.999399185180664,19.868000030517578,20.03380012512207,0,0
2022-10-07,19.685699462890625,20.100099563598633,19.709199905395508,20.131200790405273,19.549999237060547,20.007999420166016,19.691600799560547,20.100099563598633,0,0
2022-10-10,19.508499145507812,20.029800415039062,19.519899368286133,20.05462074279785,19.334299087524414,19.934499740600586,19.513700485229492,20.029800415039062,0,0
2022-10-11,19.371599197387695,19.94029998779297,19.467300415039062,20.018009185791016,19.349000930786133,19.935800552368164,19.37820053100586,19.94029998779297,0,0
2022-10-12,19.462600708007812,20.06555938720703,19.523799896240234,20.1112003326416,19.37350082397461,19.996700286865234,19.463699340820312,20.06555938720703,0,0
2022-10-13,19.399700164794922,19.97319984436035,19.573699951171875,20.147899627685547,19.33209991455078,19.937000274658203,19.39929962158203,19.97319984436035,0,0
2022-10-14,19.52680015563965,19.97570037841797,19.579700469970703,20.10218048095703,19.455699920654297,19.950199127197266,19.525800704956055,19.97570037841797,0,0
2022-10-17,19.50279998779297,20.015899658203125,19.668699264526367,20.043149948120117,19.44099998474121,19.96030044555664,19.506000518798828,20.015899658203125,0,0
2022-10-18,19.67009925842285,19.971799850463867,19.724899291992188,20.050199508666992,19.631999969482422,19.947599411010742,19.675500869750977,19.971799850463867,0,0
2022-10-19,19.744800567626953,20.01889991760254,19.748300552368164,20.16830062866211,19.601600646972656,19.999900817871094,19.74209976196289,20.01889991760254,0,0
2022-10-20,19.656200408935547,20.127410888671875,19.722700119018555,20.156400680541992,19.630599975585938,20.010400772094727,19.649999618530273,20.127410888671875,0,0
2022-10-21,19.59819984436035,20.042760848999023,19.617700576782227,20.136520385742188,19.52400016784668,19.893909454345703,19.597700119018555,20.042760848999023,0,0
2022-10-24,19.651500701904297,19.9325008392334,19.733999252319336,20.001850128173828,19.598899841308594,19.916799545288086,19.65559959411621,19.9325008392334,0,0
2022-10-25,19.693300247192383,19.908100128173828,19.8169002532959,19.936859130859375,19.611099243164062,19.845699310302734,19.68600082397461,19.908100128173828,0,0
2022-10-26,19.803199768066406,19.866600036621094,20.01289939880371,19.888580322265625,19.773500442504883,19.797399520874023,19.800899505615234,19.866600036621094,0,0
2022-10-27,20.124900817871094,19.943029403686523,20.191099166870117,20.036130905151367,19.79949951171875,19.804500579833984,20.127199172973633,19.943029403686523,0,0
2022-10-28,19.77519989013672,19.840309143066406,19.808500289916992,19.888469696044922,19.690000534057617,19.800100326538086,19.772300720214844,19.840309143066406,0,0
2022-10-31,19.72719955444336,19.820199966430664,19.76219940185547,19.91568946838379,19.587600708007812,19.795820236206055,19.730899810791016,19.820199966430664,0,0
2022-11-01,19.578800201416016,19.79319953918457,19.662599563598633,19.806400299072266,19.456100463867188,19.66790008544922,19.577499389648438,19.79319953918457,0,0
2022-11-02,19.493799209594727,19.724899291992188,19.5314998626709,19.737350463867188,19.411399841308594,19.648799896240234,19.496200561523438,19.724899291992188,0,0
2022-11-03,19.323699951171875,19.67840003967285,19.34000015258789,19.77630043029785,19.17449951171875,19.625999450683594,19.32080078125,19.67840003967285,0,0
2022-11-04,19.176599502563477,19.670270919799805,19.352699279785156,19.670000076293945,19.1471004486084,19.445999145507812,19.174800872802734,19.670270919799805,0,0
2022-11-07,19.423500061035156,19.5633602142334,19.492700576782227,19.574739456176758,19.406099319458008,19.436500549316406,19.42609977722168,19.5633602142334,0,0
2022-11-08,19.490800857543945,19.443099975585938,19.648700714111328,19.50598907470703,19.425199508666992,19.423200607299805,19.48940086364746,19.443099975585938,0,0
2022-11-09,19.69409942626953,19.537620544433594,19.724700927734375,19.629150390625,19.635299682617188,19.497400283813477,19.689599990844727,19.537620544433594,0,0
2022-11-10,19.61090087890625,19.56209945678711,19.733299255371094,19.597389221191406,19.44230079650879,19.328899383544922,19.61090087890625,19.56209945678711,0,0
2022-11-11,19.685199737548828,19.315509796142578,20.202999114990234,19.584199905395508,19.64539909362793,19.25659942626953,19.686599731445312,19.315509796142578,0,0
2022-11-14,20.15410041809082,19.514429092407227,20.196199417114258,19.569969177246094,20.02829933166504,19.374099731445312,20.149999618530273,19.514429092407227,0,0
2022-11-15,19.96809959411621,19.33919906616211,20.2101993560791,19.393470764160156,19.933399200439453,19.251100540161133,19.9689998626709,19.33919906616211,0,0
2022-11-16,20.042600631713867,19.34119987487793,20.17799949645996,19.39742088317871,20.03260040283203,19.269500732421875,20.042400360107422,19.34119987487793,0,0
2022-11-17,20.09320068359375,19.33333969116211,20.114700317382812,19.470399856567383,20.044200897216797,19.30229949951172,20.09709930419922,19.33333969116211,0,0
2022-11-18,20.11210060119629,19.399900436401367,20.21940040588379,19.530080795288086,20.102500915527344,19.375699996948242,20.109800338745117,19.399900436401367,0,0
2022-11-21,20.0851993560791,19.443199157714844,20.095800399780273,19.54467010498047,19.888599395751953,19.408300399780273,20.08530044555664,19.443199157714844,0,0
2022-11-22,20.02280044555664,19.531600952148438,20.11549949645996,19.56679916381836,19.974000930786133,19.434799194335938,20.020099639892578,19.531600952148438,0,0
2022-11-23,20.045400619506836,19.441909790039062,20.09939956665039,19.447650909423828,19.986099243164062,19.322099685668945,20.0492000579834,19.441909790039062,0,0
2022-11-24,20.151399612426758,19.334999084472656,20.21430015563965,19.36989974975586,20.093000411987305,19.325000762939453,20.15850067138672,19.334999084472656,0,0
2022-11-25,20.170900344848633,19.38129997253418,20.216100692749023,19.418100357055664,20.06450080871582,19.315500259399414,20.169599533081055,19.38129997253418,0,0
2022-11-28,20.054500579833984,19.34354019165039,20.28059959411621,19.364320755004883,20.007600784301758,19.28529930114746,20.06060028076172,19.34354019165039,0,0
2022-11-29,19.971099853515625,19.296300888061523,20.029600143432617,19.31913948059082,19.750099182128906,19.026899337768555,19.971599578857422,19.296300888061523,0,0
2022-11-30,19.854000091552734,19.23200035095215,20.1072998046875,19.453189849853516,19.850099563598633,19.185100555419922,19.85070037841797,19.23200035095215,0,0
2022-12-01,20.079599380493164,19.264850616455078,20.24920082092285,19.34345054626465,20.05929946899414,19.119300842285156,20.08009910583496,19.264850616455078,0,0
2022-12-02,20.15019989013672,19.128299713134766,20.351299285888672,19.381549835205078,20.099199295043945,19.108800888061523,20.14579963684082,19.128299713134766,0,0
2022-12-05,20.436100006103516,19.38298988342285,20.901199340820312,19.856000900268555,20.430099487304688,19.334299087524414,20.441200256347656,19.38298988342285,0,0
2022-12-06,20.711599349975586,19.721399307250977,20.867700576782227,19.85342025756836,20.659500122070312,19.620899200439453,20.7106990814209,19.721399307250977,0,0
2022-12-07,20.688499450683594,19.7544002532959,20.791200637817383,19.826080322265625,20.670000076293945,19.642499923706055,20.688400268554688,19.7544002532959,0,0
2022-12-08,20.6875,19.666900634765625,20.79520034790039,19.734439849853516,20.653799057006836,19.635700225830078,20.685800552368164,19.666900634765625,0,0
2022-12-09,20.714099884033203,19.621559143066406,20.908100128173828,19.836200714111328,20.71139907836914,19.594900131225586,20.71139907836914,19.621559143066406,0,0
2022-12-12,20.818199157714844,19.786699295043945,20.93429946899414,19.868799209594727,20.785999298095703,19.716699600219727,20.817800521850586,19.786699295043945,0,0
2022-12-13,20.9325008392334,19.847299575805664,21.023799896240234,19.881450653076172,20.86840057373047,19.60700035095215,20.93269920349121,19.847299575805664,0,0
2022-12-14,20.76609992980957,19.542020797729492,21.02389907836914,19.742250442504883,20.760400772094727,19.502700805664062,20.76219940185547,19.542020797729492,0,0
2022-12-15,20.944400787353516,19.609399795532227,21.22949981689453,19.842100143432617,20.890600204467773,19.608699798583984,20.947200775146484,19.609399795532227,0,0
2022-12-16,21.01959991455078,19.74959945678711,21.13159942626953,19.880199432373047,20.97610092163086,19.72960090637207,21.020000457763672,19.74959945678711,0,0
2022-12-19,20.952999114990234,19.79690933227539,21.043500900268555,19.834320068359375,20.92770004272461,19.698400497436523,20.954099655151367,19.79690933227539,0,0
2022-12-20,20.998199462890625,19.787599563598633,21.12529945373535,19.89525032043457,20.90959930419922,19.674699783325195,21.0,19.787599563598633,0,0
2022-12-21,21.000200271606445,19.754199981689453,21.0310001373291,19.791650772094727,20.83769989013672,19.646499633789062,20.99530029296875,19.754199981689453,0,0
2022-12-22,20.853900909423828,19.659589767456055,20.910900115966797,19.678939819335938,20.70949935913086,19.53969955444336,20.853900909423828,19.659589767456055,0,0
2022-12-23,20.735000610351562,19.559499740600586,20.747100830078125,19.579479217529297,20.575199127197266,19.401199340820312,20.73590087890625,19.559499740600586,0,0
2022-12-26,20.526260375976562,19.337390899658203,20.6129093170166,19.41710090637207,20.520320892333984,19.313379287719727,20.526260375976562,19.337390899658203,0,0
2022-12-27,20.60420036315918,19.363069534301758,20.70319938659668,19.450170516967773,20.548099517822266,19.326000213623047,20.604799270629883,19.363069534301758,0,0
2022-12-28,20.711700439453125,19.462099075317383,20.739900588989258,19.4950008392334,20.58300018310547,19.372400283813477,20.712400436401367,19.462099075317383,0,0
2022-12-29,20.653400421142578,19.422300338745117,20.66029930114746,19.4375,20.588300704956055,19.295900344848633,20.648799896240234,19.422300338745117,0,0
2022-12-30,20.753799438476562,19.457599639892578,20.942100524902344,19.585750579833984,20.707700729370117,19.393800735473633,20.75860023498535,19.457599639892578,0,0
2023-01-02,20.813800811767578,19.44659996032715,20.864599227905273,19.517549514770508,20.74049949645996,19.4431095123291,20.808799743652344,19.44659996032715,0,0
2023-01-03,20.776199340820312,19.458799362182617,20.80579948425293,19.52873992919922,20.47800064086914,19.38661003112793,20.771699905395508,19.458799362182617,0,0
2023-01-04,20.467599868774414,19.40760040283203,20.5531005859375,19.409929275512695,20.431400299072266,19.24329948425293,20.465599060058594,19.40760040283203,0,0
2023-01-05,20.561599731445312,19.38680076599121,20.62299919128418,19.43004035949707,20.368000030517578,19.326099395751953,20.559499740600586,19.38680076599121,0,0
2023-01-06,20.326000213623047,19.31855010986328,20.36370086669922,19.34341049194336,20.179000854492188,19.132699966430664,20.32309913635254,19.31855010986328,0,0
2023-01-09,20.37809944152832,19.124300003051758,20.635900497436523,19.190500259399414,20.383399963378906,19.089599609375,20.391399383544922,19.124300003051758,0,0
2023-01-10,20.535600662231445,19.124500274658203,20.5757999420166,19.173460006713867,20.48979949951172,19.077299118041992,20.531400680541992,19.124500274658203,0,0
2023-01-11,20.46660041809082,19.059600830078125,20.55030059814453,19.1099796295166,20.422800064086914,19.000410079956055,20.46739959716797,19.059600830078125,0,0
2023-01-12,20.395780563354492,18.942399978637695,20.43869972229004,18.978540420532227,20.330799102783203,18.816429138183594,20.399099349975586,18.942399978637695,0,0
2023-01-13,20.464500427246094,18.844310760498047,20.46940040588379,18.910980224609375,20.30389976501465,18.755800247192383,20.462900161743164,18.844310760498047,0,0
2023-01-16,20.320999145507812,18.774200439453125,20.41360092163086,18.851919174194336,20.312299728393555,18.718799591064453,20.318199157714844,18.774200439453125,0,0
2023-01-17,20.336599349975586,18.77790069580078,20.444900512695312,18.82900047302246,20.207500457763672,18.71969985961914,20.33679962158203,18.77790069580078,0,0
2023-01-18,20.125600814819336,18.64150047302246,20.305599212646484,18.76922035217285,20.08099937438965,18.555599212646484,20.122699737548828,18.64150047302246,0,0
2023-01-19,20.378700256347656,18.874059677124023,20.619800567626953,19.074499130249023,20.36639976501465,18.856300354003906,20.375699996948242,18.874059677124023,0,0
2023-01-20,20.57830047607422,18.98270034790039,20.630800247192383,19.017749786376953,20.425199508666992,18.871000289916992,20.578699111938477,18.98270034790039,0,0
2023-01-23,20.487499237060547,18.857770919799805,20.600299835205078,18.88850975036621,20.432600021362305,18.78030014038086,20.5049991607666,18.874189376831055,0,0
2023-01-24,20.451900482177734,18.81325912475586,20.512699127197266,18.886899948120117,20.44070053100586,18.775279998779297,20.453800201416016,18.81325912475586,0,0
2023-01-25,20.462799072265625,18.783599853515625,20.540800094604492,18.848339080810547,20.394399642944336,18.7539005279541,20.46739959716797,18.783599853515625,0,0
2023-01-26,20.516000747680664,18.776199340820312,20.565000534057617,18.89525032043457,20.44420051574707,18.772300720214844,20.52050018310547,18.776199340820312,0,0
2023-01-27,20.47480010986328,18.79669952392578,20.483200073242188,18.827590942382812,20.321300506591797,18.705400466918945,20.479799270629883,18.79669952392578,0,0
2023-01-30,20.403099060058594,18.768749237060547,20.494300842285156,18.804399490356445,20.378599166870117,18.73579978942871,20.402999877929688,18.768749237060547,0,0
2023-01-31,20.36549949645996,18.75860023498535,20.445999145507812,18.84708023071289,20.274599075317383,18.723800659179688,20.366100311279297,18.75860023498535,0,0
2023-02-01,20.46430015563965,18.842870712280273,20.49850082397461,18.870410919189453,20.418399810791016,18.69729995727539,20.46310043334961,18.842870712280273,0,0
2023-02-02,20.476900100708008,18.58289909362793,20.493940353393555,18.63089942932129,20.2455997467041,18.497600555419922,20.475799560546875,18.58289909362793,0,0
2023-02-03,20.34000015258789,18.641399383544922,20.521699905395508,18.956100463867188,20.311800003051758,18.63050079345703,20.340499877929688,18.641399383544922,0,0
2023-02-06,20.491500854492188,18.990869522094727,20.683900833129883,19.28611946105957,20.46722984313965,18.99057960510254,20.491899490356445,18.990869522094727,0,0
2023-02-07,20.563600540161133,19.167999267578125,20.585500717163086,19.175270080566406,20.350299835205078,19.022199630737305,20.564599990844727,19.167999267578125,0,0
2023-02-08,20.257999420166016,18.881500244140625,20.359699249267578,18.979509353637695,20.230499267578125,18.81679916381836,20.260299682617188,18.881500244140625,0,0
2023-02-09,20.28809928894043,18.934450149536133,20.422100067138672,18.991390228271484,20.246000289916992,18.831899642944336,20.28890037536621,18.934450149536133,0,0
2023-02-10,20.166500091552734,18.77829933166504,20.16710090637207,18.828950881958008,19.940650939941406,18.638900756835938,20.165700912475586,18.77829933166504,0,0
2023-02-13,19.941099166870117,18.67840003967285,19.980100631713867,18.722110748291016,19.889049530029297,18.602500915527344,19.943599700927734,18.67840003967285,0,0
2023-02-14,19.91950035095215,18.565040588378906,20.02739906311035,18.67074966430664,19.87299919128418,18.505630493164062,19.920900344848633,18.565040588378906,0,0
2023-02-15,19.86549949645996,18.50480079650879,20.016799926757812,18.741840362548828,19.848800659179688,18.493000030517578,19.86549949645996,18.50480079650879,0,0
2023-02-16,19.86971092224121,18.584550857543945,19.90399932861328,18.680299758911133,19.77389907836914,18.506399154663086,19.871620178222656,18.584550857543945,0,0
2023-02-17,19.782400131225586,18.54871940612793,19.84320068359375,18.67251968383789,19.655899047851562,18.410200119018555,19.78059959411621,18.54871940612793,0,0
2023-02-20,19.622800827026367,18.36737060546875,19.698400497436523,18.434959411621094,19.59749984741211,18.315500259399414,19.621700286865234,18.36737060546875,0,0
2023-02-21,19.638900756835938,18.38520050048828,19.683799743652344,18.44615936279297,19.548999786376953,18.329999923706055,19.63800048828125,18.38520050048828,0,0
2023-02-22,19.641399383544922,18.429899215698242,19.671300888061523,18.47709083557129,19.484699249267578,18.324649810791016,19.641000747680664,18.429899215698242,0,0
2023-02-23,19.476959228515625,18.364580154418945,19.53420066833496,18.45347023010254,19.375,18.286399841308594,19.479400634765625,18.364580154418945,0,0
2023-02-24,19.465599060058594,18.36865997314453,19.534000396728516,18.49312973022461,19.398700714111328,18.33880043029785,19.466899871826172,18.36865997314453,0,0
2023-02-27,19.40999984741211,18.39133071899414,19.509000778198242,18.419950485229492,19.356000900268555,18.31279945373535,19.41189956665039,18.39133071899414,0,0
2023-02-28,19.49799919128418,18.366899490356445,19.51740074157715,18.41027069091797,19.418500900268555,18.297399520874023,19.499300003051758,18.366899490356445,0,0
2023-03-01,19.357099533081055,18.300939559936523,19.498300552368164,18.327009201049805,19.295000076293945,18.06399917602539,19.356199264526367,18.300939559936523,0,0
2023-03-02,19.32724952697754,18.115970611572266,19.33329963684082,18.190269470214844,19.1830997467041,18.088699340820312,19.32394027709961,18.115970611572266,0,0
2023-03-03,19.198699951171875,18.105300903320312,19.22369956970215,18.115699768066406,19.073999404907227,17.982839584350586,19.197399139404297,18.105300903320312,0,0
2023-03-06,19.103900909423828,17.97800064086914,19.275999069213867,18.03605079650879,19.087200164794922,17.93670082092285,19.107900619506836,17.97800064086914,0,0
2023-03-07,19.235000610351562,18.00135040283203,19.23870086669922,18.16999053955078,19.152000427246094,17.955699920654297,19.234899520874023,18.00135040283203,0,0
2023-03-08,19.104299545288086,18.100099563598633,19.105899810791016,18.12179946899414,18.911300659179688,17.904340744018555,19.105899810791016,18.100099563598633,0,0
2023-03-09,18.956600189208984,17.97075080871582,19.145000457763672,18.098899841308594,18.904199600219727,17.885499954223633,18.957319259643555,17.97075080871582,0,0
2023-03-10,19.400100708007812,18.329639434814453,19.719200134277344,18.580459594726562,19.351600646972656,18.25670051574707,19.39940071105957,18.329639434814453,0,0
2023-03-13,19.568099975585938,18.31702995300293,20.458900451660156,19.144630432128906,19.549999237060547,18.229299545288086,19.571500778198242,18.31702995300293,0,0
2023-03-14,20.287799835205078,18.91908073425293,20.49810028076172,19.14777946472168,19.922700881958008,18.588600158691406,20.313400268554688,18.91908073425293,0,0
2023-03-15,19.96109962463379,18.600500106811523,20.126699447631836,19.018400192260742,19.89620018005371,18.58970069885254,19.961599349975586,18.600500106811523,0,0
2023-03-16,20.11079978942871,18.991899490356445,20.291200637817383,19.174449920654297,20.047199249267578,18.90180015563965,20.104799270629883,18.991899490356445,0,0
2023-03-17,19.920799255371094,18.769390106201172,20.205699920654297,18.979799270629883,19.851299285888672,18.636859893798828,19.923900604248047,18.769390106201172,0,0
2023-03-20,20.121000289916992,18.843420028686523,20.474000930786133,19.224950790405273,20.09630012512207,18.790019989013672,20.128999710083008,18.843420028686523,0,0
2023-03-21,20.166400909423828,18.814599990844727,20.218900680541992,18.87523078918457,20.078500747680664,18.63629913330078,20.16758918762207,18.814599990844727,0,0
2023-03-22,20.064199447631836,18.62405014038086,20.07990074157715,18.650400161743164,19.953699111938477,18.50320053100586,20.04199981689453,18.62405014038086,0,0
2023-03-23,20.210399627685547,18.593360900878906,20.228599548339844,18.605520248413086,20.079999923706055,18.45330047607422,20.20989990234375,18.593360900878906,0,0
2023-03-24,20.127899169921875,18.567899703979492,20.172489166259766,18.794950485229492,19.897499084472656,18.494670867919922,20.12649917602539,18.567899703979492,0,0
2023-03-27,19.85580062866211,18.427059173583984,19.865400314331055,18.452180862426758,19.765399932861328,18.31599998474121,19.859399795532227,18.427059173583984,0,0
2023-03-28,19.805999755859375,18.318599700927734,19.872699737548828,18.35407066345215,19.763999938964844,18.229999542236328,19.805599212646484,18.318599700927734,0,0
2023-03-29,19.747600555419922,18.219200134277344,19.768199920654297,18.233240127563477,19.58880043029785,18.08009910583496,19.754499435424805,18.219200134277344,0,0
2023-03-30,19.61870002746582,18.094030380249023,19.809799194335938,18.15665054321289,19.56999969482422,18.035600662231445,19.61758041381836,18.094030380249023,0,0
2023-03-31,19.72450065612793,18.089550018310547,19.7539005279541,18.119029998779297,19.587499618530273,17.991899490356445,19.726900100708008,18.089550018310547,0,0
2023-04-03,19.486299514770508,18.03915023803711,19.74690055847168,18.1289005279541,19.44540023803711,17.953100204467773,19.49489974975586,18.03915023803711,0,0
2023-04-04,19.730300903320312,18.087570190429688,19.922700881958008,18.1748104095459,19.645000457763672,17.999500274658203,19.728300094604492,18.087570190429688,0,0
2023-04-05,19.859359741210938,18.112499237060547,20.06800079345703,18.386749267578125,19.828399658203125,18.08919906616211,19.867300033569336,18.112499237060547,0,0
2023-04-06,19.964599609375,18.308799743652344,20.052099227905273,18.37470054626465,19.8799991607666,18.199399948120117,19.96139907836914,18.308799743652344,0,0
2023-04-07,19.917200088500977,18.227100372314453,19.93239974975586,18.264999389648438,19.73509979248047,18.088899612426758,19.918399810791016,18.227100372314453,0,0
2023-04-10,19.799999237060547,18.134700775146484,19.827299118041992,18.275779724121094,19.6466007232666,18.062000274658203,19.802400588989258,18.134700775146484,0,0
2023-04-11,19.732500076293945,18.14310073852539,19.885099411010742,18.21541976928711,19.734600067138672,18.095800399780273,19.735300064086914,18.14310073852539,0,0
2023-04-12,19.837400436401367,18.158899307250977,19.869400024414062,18.189390182495117,19.775800704956055,18.011199951171875,19.8351993560791,18.158899307250977,0,0
2023-04-13,19.864999771118164,18.055099487304688,20.01759910583496,18.117809295654297,19.81279945373535,18.00872039794922,19.86433982849121,18.055099487304688,0,0
2023-04-14,19.91349983215332,18.018999099731445,20.040199279785156,18.118419647216797,19.815500259399414,17.99169921875,19.91010093688965,18.018999099731445,0,0
2023-04-17,19.762500762939453,17.99287986755371,19.83919906616211,18.15096092224121,19.71579933166504,17.94610023498535,19.76289939880371,17.99287986755371,0,0
2023-04-18,19.699600219726562,18.03219985961914,19.84480094909668,18.093719482421875,19.694599151611328,17.954700469970703,19.69930076599121,18.03219985961914,0,0
2023-04-19,19.802200317382812,18.043489456176758,19.865999221801758,18.15015983581543,19.7632999420166,18.02429962158203,19.80299949645996,18.043489456176758,0,0
2023-04-20,19.76959991455078,18.04050064086914,19.85700035095215,18.119239807128906,19.73579978942871,17.980199813842773,19.770299911499023,18.04050064086914,0,0
2023-04-21,19.73889923095703,17.997909545898438,19.775299072265625,18.040550231933594,19.705400466918945,17.965299606323242,19.736400604248047,17.997909545898438,0,0
2023-04-24,19.780479431152344,17.997140884399414,19.89889907836914,18.045700073242188,19.777700424194336,17.971599578857422,19.781999588012695,17.997140884399414,0,0
2023-04-25,19.87689971923828,17.965200424194336,19.901100158691406,18.090700149536133,19.76099967956543,17.94339942932129,19.877399444580078,17.965200424194336,0,0
2023-04-26,19.817699432373047,18.0403995513916,20.151399612426758,18.181320190429688,19.809499740600586,18.02829933166504,19.818700790405273,18.0403995513916,0,0
2023-04-27,20.055200576782227,18.158550262451172,20.089500427246094,18.189369201660156,19.881200790405273,18.045499801635742,20.05500030517578,18.158550262451172,0,0
2023-04-28,19.8971004486084,18.024499893188477,19.945999145507812,18.106719970703125,19.752099990844727,17.962200164794922,19.900800704956055,18.024499893188477,0,0
2023-05-01,19.822599411010742,17.99139976501465,19.830299377441406,18.01824951171875,19.652799606323242,17.90959930419922,19.82390022277832,17.99139976501465,0,0
2023-05-02,19.674999237060547,17.93769073486328,19.86669921875,18.071880340576172,19.61210060119629,17.887300491333008,19.678600311279297,17.93769073486328,0,0
2023-05-03,19.7898006439209,17.97426986694336,19.851200103759766,17.98542022705078,19.749300003051758,17.88640022277832,19.79210090637207,17.97426986694336,0,0
2023-05-04,19.889299392700195,17.956100463867188,19.90719985961914,18.00657081604004,19.663400650024414,17.843900680541992,19.886999130249023,17.956100463867188,0,0
2023-05-05,19.72909927368164,17.89937973022461,19.791400909423828,17.944110870361328,19.56369972229004,17.741300582885742,19.728200912475586,17.89937973022461,0,0
2023-05-08,19.574899673461914,17.76626968383789,19.688400268554688,17.83740997314453,19.568700790405273,17.726999282836914,19.577699661254883,17.76626968383789,0,0
2023-05-09,19.55820083618164,17.787580490112305,19.578399658203125,17.82868003845215,19.435699462890625,17.73040008544922,19.556100845336914,17.787580490112305,0,0
2023-05-10,19.46739959716797,17.743499755859375,19.490800857543945,17.765539169311523,19.30769920349121,17.593799591064453,19.472999572753906,17.743499755859375,0,0
2023-05-11,19.27519989013672,17.537200927734375,19.3031005859375,17.697309494018555,19.179899215698242,17.516799926757812,19.27280044555664,17.537200927734375,0,0
2023-05-12,19.190099716186523,17.57469940185547,19.24850082397461,17.64310073852539,19.111400604248047,17.558300018310547,19.193700790405273,17.57469940185547,0,0
2023-05-15,19.095699310302734,17.596250534057617,19.15959930419922,17.616159439086914,19.072099685668945,17.52739906311035,19.09830093383789,17.596250534057617,0,0
2023-05-16,18.96980094909668,17.4330997467041,19.075199127197266,17.532550811767578,18.936500549316406,17.414100646972656,18.970600128173828,17.4330997467041,0,0
2023-05-17,19.005599975585938,17.480300903320312,19.132299423217773,17.68450927734375,18.9468994140625,17.469499588012695,19.009199142456055,17.480300903320312,0,0
2023-05-18,19.081499099731445,17.606769561767578,19.173999786376953,17.771080017089844,19.02440071105957,17.581499099731445,19.081499099731445,17.606769561767578,0,0
2023-05-19,19.08810043334961,17.715700149536133,19.181400299072266,17.738689422607422,19.02720069885254,17.61639976501465,19.090099334716797,17.715700149536133,0,0
2023-05-22,19.21500015258789,17.7460994720459,19.413400650024414,17.956079483032227,19.178600311279297,17.74049949645996,19.222700119018555,17.7460994720459,0,0
2023-05-23,19.342300415039062,17.879899978637695,19.390300750732422,17.99534034729004,19.260700225830078,17.852100372314453,19.34280014038086,17.879899978637695,0,0
2023-05-24,19.352100372314453,17.958200454711914,19.38050079345703,17.978099822998047,19.14459991455078,17.76300048828125,19.34980010986328,17.958200454711914,0,0
2023-05-25,19.145200729370117,17.799930572509766,19.172500610351562,17.86815071105957,19.0403995513916,17.741600036621094,19.15019989013672,17.799930572509766,0,0
2023-05-26,19.15131950378418,17.84630012512207,19.156299591064453,17.86086082458496,18.887500762939453,17.641769409179688,19.149999618530273,17.84630012512207,0,0
2023-05-29,18.884300231933594,17.60219955444336,18.905899047851562,17.61639976501465,18.776199340820312,17.521099090576172,18.885099411010742,17.60219955444336,0,0
2023-05-30,18.842899322509766,17.598819732666016,18.967100143432617,17.686870574951172,18.798200607299805,17.527599334716797,18.842300415039062,17.598819732666016,0,0
2023-05-31,18.959199905395508,17.65570068359375,18.96649932861328,17.764999389648438,18.803499221801758,17.62649917602539,18.961200714111328,17.65570068359375,0,0
2023-06-01,18.913799285888672,17.67650032043457,18.9375,17.7237606048584,18.82229995727539,17.526899337768555,18.908899307250977,17.67650032043457,0,0
2023-06-02,18.885099411010742,17.538799285888672,18.918800354003906,17.56671905517578,18.7362003326416,17.418249130249023,18.887300491333008,17.538799285888672,0,0
2023-06-05,18.78730010986328,17.550399780273438,18.818300247192383,17.59450912475586,18.679000854492188,17.444400787353516,18.783700942993164,17.550399780273438,0,0
2023-06-06,18.706300735473633,17.445899963378906,18.72410011291504,17.49509048461914,18.613000869750977,17.40513038635254,18.70709991455078,17.445899963378906,0,0
2023-06-07,18.591999053955078,17.367700576782227,18.62619972229004,17.38311004638672,18.537099838256836,17.300100326538086,18.59309959411621,17.367700576782227,0,0
2023-06-08,18.58230972290039,17.355289459228516,18.791000366210938,17.437299728393555,18.56279945373535,17.313400268554688,18.58411979675293,17.355289459228516,0,0
2023-06-09,18.744300842285156,17.37220001220703,18.74839973449707,17.39566993713379,18.582700729370117,17.273000717163086,18.740100860595703,17.37220001220703,0,0
2023-06-12,18.5802001953125,17.27090072631836,18.652700424194336,17.327699661254883,18.555700302124023,17.231599807739258,18.576099395751953,17.27090072631836,0,0
2023-06-13,18.601900100708008,17.2841796875,18.7101993560791,17.31553077697754,18.573200225830078,17.204700469970703,18.601299285888672,17.2841796875,0,0
2023-06-14,18.593000411987305,17.233789443969727,18.62470054626465,17.237239837646484,18.543899536132812,17.099700927734375,18.595199584960938,17.233789443969727,0,0
2023-06-15,18.58300018310547,17.127399444580078,18.82360076904297,17.248790740966797,18.49169921875,17.090999603271484,18.58049964904785,17.127399444580078,0,0
2023-06-16,18.74530029296875,17.12636947631836,18.81060028076172,17.186819076538086,18.657400131225586,17.068199157714844,18.74519920349121,17.12636947631836,0,0
2023-06-19,18.681880950927734,17.0669002532959,18.742300033569336,17.16887092590332,18.63800048828125,17.05109977722168,18.682559967041016,17.0669002532959,0,0
2023-06-20,18.649900436401367,17.072999954223633,18.741600036621094,17.193349838256836,18.6427001953125,17.0669002532959,18.659400939941406,17.072999954223633,0,0
2023-06-21,18.785900115966797,17.20363998413086,18.82469940185547,17.253570556640625,18.730499267578125,17.140300750732422,18.777999877929688,17.20363998413086,0,0
2023-06-22,18.828500747680664,17.11750030517578,18.880399703979492,17.199100494384766,18.7814998626709,17.102399826049805,18.827499389648438,17.11750030517578,0,0
2023-06-23,18.823999404907227,17.170000076293945,18.853700637817383,17.261789321899414,18.657499313354492,17.13170051574707,18.82539939880371,17.170000076293945,0,0
2023-06-26,18.714599609375,17.1471004486084,18.735599517822266,17.171600341796875,18.646799087524414,17.101499557495117,18.712400436401367,17.1471004486084,0,0
2023-06-27,18.6875,17.117000579833984,18.74180030822754,17.13633918762207,18.680299758911133,17.045000076293945,18.681800842285156,17.117000579833984,0,0
2023-06-28,18.723600387573242,17.076499938964844,18.72450065612793,17.121810913085938,18.61720085144043,17.032499313354492,18.7189998626709,17.076499938964844,0,0
2023-06-29,18.659700393676758,17.08289909362793,18.68589973449707,17.15130043029785,18.570999145507812,17.055400848388672,18.662799835205078,17.08289909362793,0,0
2023-06-30,18.603900909423828,17.10610008239746,18.729700088500977,17.158979415893555,18.51919937133789,17.030899047851562,18.607799530029297,17.10610008239746,0,0
2023-07-03,18.672500610351562,17.12080955505371,18.688899993896484,17.146739959716797,18.600099563598633,17.03890037536621,18.675399780273438,17.12080955505371,0,0
2023-07-04,18.61590003967285,17.047000885009766,18.61370086669922,17.058950424194336,18.543500900268555,16.999990463256836,18.612300872802734,17.047000885009766,0,0
2023-07-05,18.551799774169922,17.035499572753906,18.607200622558594,17.07200050354004,18.46739959716797,16.968799591064453,18.55389976501465,17.035499572753906,0,0
2023-07-06,18.45989990234375,17.006080627441406,18.7632999420166,17.263320922851562,18.429399490356445,16.985200881958008,18.45989990234375,17.006080627441406,0,0
2023-07-07,18.765199661254883,17.231609344482422,18.922199249267578,17.391599655151367,18.665199279785156,17.08639907836914,18.767499923706055,17.231609344482422,0,0
2023-07-10,18.806400299072266,17.147850036621094,18.8080997467041,17.171619415283203,18.706600189208984,17.035600662231445,18.8080997467041,17.147850036621094,0,0
2023-07-11,18.771699905395508,17.0447998046875,18.819000244140625,17.10219955444336,18.740800857543945,17.031700134277344,18.76569938659668,17.0447998046875,0,0
2023-07-12,18.76799964904785,17.028900146484375,18.81329917907715,17.062360763549805,18.63610076904297,16.799699783325195,18.767200469970703,17.028900146484375,0,0
2023-07-13,18.821640014648438,16.89642906188965,18.9822998046875,16.95758056640625,18.80229949951172,16.848499298095703,18.82485008239746,16.89642906188965,0,0
2023-07-14,18.9143009185791,16.846630096435547,18.996599197387695,16.915159225463867,18.87849998474121,16.802099227905273,18.907899856567383,16.846630096435547,0,0
2023-07-17,18.80620002746582,16.73870086669922,18.93829917907715,16.892900466918945,18.76099967956543,16.69339942932129,18.80739974975586,16.73870086669922,0,0
2023-07-18,18.795000076293945,16.713699340820312,18.85540008544922,16.759620666503906,18.770999908447266,16.68709945678711,18.797000885009766,16.713699340820312,0,0
2023-07-19,18.809600830078125,16.75214958190918,18.8218994140625,16.78338050842285,18.73870086669922,16.711299896240234,18.811500549316406,16.75214958190918,0,0
2023-07-20,18.725860595703125,16.711870193481445,18.842300415039062,16.866439819335938,18.71809959411621,16.690900802612305,18.724960327148438,16.711870193481445,0,0
2023-07-21,18.79360008239746,16.86590003967285,18.958200454711914,17.0410099029541,18.770000457763672,16.849700927734375,18.790000915527344,16.86590003967285,0,0
2023-07-24,18.89699935913086,16.974300384521484,18.922199249267578,17.00358009338379,18.621299743652344,16.800600051879883,18.896499633789062,16.974300384521484,0,0
2023-07-25,18.627300262451172,16.826099395751953,18.705699920654297,16.936349868774414,18.557600021362305,16.789899826049805,18.628599166870117,16.826099395751953,0,0
2023-07-26,18.717300415039062,16.926700592041016,18.793800354003906,16.981380462646484,18.60580062866211,16.816970825195312,18.713699340820312,16.926700592041016,0,0
2023-07-27,18.679479598999023,16.86244010925293,18.720199584960938,16.863059997558594,18.374099731445312,16.70771026611328,18.680599212646484,16.86244010925293,0,0
2023-07-28,18.508699417114258,16.84709930419922,18.580299377441406,16.944520950317383,18.323299407958984,16.615800857543945,18.50480079650879,16.84709930419922,0,0
2023-07-31,18.388399124145508,16.68090057373047,18.485000610351562,16.778579711914062,18.375600814819336,16.654199600219727,18.387300491333008,16.68090057373047,0,0
2023-08-01,18.420499801635742,16.738100051879883,18.490100860595703,16.862279891967773,18.373899459838867,16.72480010986328,18.420299530029297,16.738100051879883,0,0
2023-08-02,18.573400497436523,16.8735294342041,18.657899856567383,17.0589599609375,18.461700439453125,16.83506965637207,18.575199127197266,16.8735294342041,0,0
2023-08-03,18.61840057373047,17.00079917907715,19.015300750732422,17.406579971313477,18.56599998474121,16.984500885009766,18.617399215698242,17.00079917907715,0,0
2023-08-04,18.979400634765625,17.318199157714844,19.065500259399414,17.42314910888672,18.757299423217773,16.996999740600586,18.978900909423828,17.318199157714844,0,0
2023-08-07,18.792600631713867,17.08099937438965,18.8080997467041,17.14129066467285,18.72100067138672,17.015199661254883,18.7947998046875,17.08099937438965,0,0
2023-08-08,18.78860092163086,17.064699172973633,18.896900177001953,17.271299362182617,18.738000869750977,17.057600021362305,18.78529930114746,17.064699172973633,0,0
2023-08-09,18.760299682617188,17.106399536132812,18.847400665283203,17.18560028076172,18.736099243164062,17.05769920349121,18.759199142456055,17.106399536132812,0,0
2023-08-10,18.72718048095703,17.059289932250977,18.81559944152832,17.075389862060547,18.644500732421875,16.905799865722656,18.72450065612793,17.059289932250977,0,0
2023-08-11,18.755300521850586,17.067699432373047,18.814300537109375,17.110780715942383,18.608200073242188,16.951000213623047,18.752899169921875,17.067699432373047,0,0
2023-08-14,18.598100662231445,16.993989944458008,18.66629981994629,17.125200271606445,18.57200050354004,16.95840072631836,18.597299575805664,16.993989944458008,0,0
2023-08-15,18.60569953918457,17.045299530029297,18.78529930114746,17.183429718017578,18.600200653076172,17.033599853515625,18.6023006439209,17.045299530029297,0,0
2023-08-16,18.676599502563477,17.12866973876953,18.706199645996094,17.152530670166016,18.578699111938477,17.03190040588379,18.6742000579834,17.12866973876953,0,0
2023-08-17,18.64240074157715,17.14409065246582,18.703500747680664,17.203659057617188,18.598100662231445,17.060199737548828,18.64189910888672,17.14409065246582,0,0
2023-08-18,18.592599868774414,17.09787940979004,18.616300582885742,17.12696075439453,18.534799575805664,17.040000915527344,18.594900131225586,17.09787940979004,0,0
2023-08-21,18.526399612426758,17.026100158691406,18.605899810791016,17.076650619506836,18.518800735473633,17.003799438476562,18.531299591064453,17.026100158691406,0,0
2023-08-22,18.553300857543945,17.012800216674805,18.554399490356445,17.027099609375,18.32830047607422,16.882600784301758,18.55299949645996,17.012800216674805,0,0
2023-08-23,18.337200164794922,16.906450271606445,18.349300384521484,16.909709930419922,18.229299545288086,16.786300659179688,18.338199615478516,16.906450271606445,0,0
2023-08-24,18.243799209594727,16.77910041809082,18.2810001373291,16.853540420532227,18.173900604248047,16.756099700927734,18.243099212646484,16.77910041809082,0,0
2023-08-25,18.174100875854492,16.830610275268555,18.177099227905273,16.838449478149414,18.073999404907227,16.74711036682129,18.175899505615234,16.830610275268555,0,0
2023-08-28,18.064800262451172,16.718799591064453,18.093900680541992,16.747840881347656,18.039730072021484,16.683700561523438,18.06529998779297,16.718799591064453,0,0
2023-08-29,18.170799255371094,16.785999298095703,18.29509925842285,16.88235092163086,18.120399475097656,16.741899490356445,18.17099952697754,16.785999298095703,0,0
2023-08-30,18.258399963378906,16.786699295043945,18.352100372314453,16.800939559936523,18.186199188232422,16.721399307250977,18.260299682617188,16.786699295043945,0,0
2023-08-31,18.313749313354492,16.757129669189453,18.42650032043457,16.98390007019043,18.142499923706055,16.702699661254883,18.31089973449707,16.757129669189453,0,0
2023-09-01,18.430700302124023,16.998220443725586,18.6560001373291,17.193960189819336,18.40239906311035,16.9601993560791,18.430200576782227,16.998220443725586,0,0
2023-09-04,18.39699935913086,17.073270797729492,18.544300079345703,17.191089630126953,18.373899459838867,17.032100677490234,18.392499923706055,17.073270797729492,0,0
2023-09-05,18.534900665283203,17.17608070373535,18.624900817871094,17.392179489135742,18.483600616455078,17.161399841308594,18.534900665283203,17.17608070373535,0,0
2023-09-06,18.65410041809082,17.382600784301758,18.94260025024414,17.640750885009766,18.6476993560791,17.381999969482422,18.652700424194336,17.382600784301758,0,0
2023-09-07,18.864700317382812,17.578899383544922,18.977100372314453,17.703750610351562,18.64859962463379,17.422969818115234,18.863300323486328,17.578899383544922,0,0
2023-09-08,18.81570053100586,17.577299118041992,18.835899353027344,17.59477996826172,18.663000106811523,17.434799194335938,18.816099166870117,17.577299118041992,0,0
2023-09-11,18.800100326538086,17.543140411376953,18.87339973449707,17.59099006652832,18.654300689697266,17.345849990844727,18.801300048828125,17.543140411376953,0,0
2023-09-12,18.572900772094727,17.281030654907227,18.61280059814453,17.37417984008789,18.48579978942871,17.245100021362305,18.576000213623047,17.281030654907227,0,0
2023-09-13,18.52280044555664,17.21339988708496,18.549800872802734,17.270099639892578,18.35070037841797,17.089399337768555,18.527000427246094,17.21339988708496,0,0
2023-09-14,18.40130043029785,17.130599975585938,18.41790008544922,17.191749572753906,18.233999252319336,17.090200424194336,18.399599075317383,17.130599975585938,0,0
2023-09-15,18.19300079345703,17.106359481811523,18.25366973876953,17.12055015563965,18.190399169921875,17.042800903320312,18.19099998474121,17.106359481811523,0,0
2023-09-18,18.19890022277832,17.047399520874023,18.316299438476562,17.175369262695312,18.152799606323242,17.015499114990234,18.195899963378906,17.047399520874023,0,0
2023-09-19,18.314300537109375,17.11669921875,18.316200256347656,17.140260696411133,18.213300704956055,17.04360008239746,18.315099716186523,17.11669921875,0,0
2023-09-20,18.227100372314453,17.06485939025879,18.269800186157227,17.094690322875977,18.20680046081543,17.007699966430664,18.233400344848633,17.06485939025879,0,0
2023-09-21,18.20490074157715,17.092159271240234,18.350000381469727,17.244550704956055,18.170400619506836,17.056499481201172,18.20039939880371,17.092159271240234,0,0
2023-09-22,18.361600875854492,17.21109962463379,18.360599517822266,17.23236083984375,18.228900909423828,17.08930015563965,18.360599517822266,17.21109962463379,0,0
2023-09-25,18.298599243164062,17.173599243164062,18.443700790405273,17.434049606323242,18.264699935913086,17.161300659179688,18.30069923400879,17.173599243164062,0,0
2023-09-26,18.424699783325195,17.3843994140625,18.5851993560791,17.561870574951172,18.40180015563965,17.358600616455078,18.426000595092773,17.3843994140625,0,0
2023-09-27,18.543100357055664,17.54500961303711,18.6200008392334,17.718469619750977,18.46500015258789,17.468399047851562,18.542800903320312,17.54500961303711,0,0
2023-09-28,18.578399658203125,17.68695068359375,18.660900115966797,17.731979370117188,18.56170082092285,17.584009170532227,18.58289909362793,17.68695068359375,0,0
2023-09-29,18.524599075317383,17.5389404296875,18.545400619506836,17.55912971496582,18.364099502563477,17.352449417114258,18.522300720214844,17.5389404296875,0,0
2023-10-02,18.388399124145508,17.39539909362793,18.47100067138672,17.564720153808594,18.3705997467041,17.371999740600586,18.390399932861328,17.39539909362793,0,0
2023-10-03,18.523099899291992,17.662500381469727,18.78730010986328,17.97075080871582,18.45509910583496,17.592899322509766,18.526199340820312,17.662500381469727,0,0
2023-10-04,18.86639976501465,18.0093994140625,19.046600341796875,18.213510513305664,18.771799087524414,17.848560333251953,18.864200592041016,18.0093994140625,0,0
2023-10-05,18.900800704956055,17.978099822998047,19.340099334716797,18.365100860595703,18.873300552368164,17.92609977722168,18.90239906311035,17.978099822998047,0,0
2023-10-06,19.275999069213867,18.278139114379883,19.39299964904785,18.449729919433594,19.168800354003906,18.128400802612305,19.284400939941406,18.278139114379883,0,0
2023-10-09,19.274799346923828,18.22800064086914,19.351299285888672,18.378080368041992,19.211700439453125,18.206289291381836,19.271900177001953,18.22800064086914,0,0
2023-10-10,19.26059913635254,18.207679748535156,19.3262996673584,18.29660987854004,19.050100326538086,17.95240020751953,19.257999420166016,18.207679748535156,0,0
2023-10-11,19.018320083618164,17.934030532836914,19.041099548339844,17.95438003540039,18.898300170898438,17.784400939941406,19.01799964904785,17.934030532836914,0,0
2023-10-12,18.952600479125977,17.837169647216797,18.9601993560791,17.969249725341797,18.801000595092773,17.741899490356445,18.953899383544922,17.837169647216797,0,0
2023-10-13,18.933500289916992,17.97064971923828,18.977699279785156,18.067419052124023,18.805400848388672,17.843740463256836,18.93280029296875,17.97064971923828,0,0
2023-10-16,18.989700317382812,18.049999237060547,18.991600036621094,18.04681968688965,18.87070083618164,17.903900146484375,18.986299514770508,18.049999237060547,0,0
2023-10-17,18.899890899658203,17.90700912475586,19.072999954223633,18.07278060913086,18.853300094604492,17.86680030822754,18.907020568847656,17.90700912475586,0,0
2023-10-18,19.0447998046875,18.001800537109375,19.286500930786133,18.298599243164062,19.00119972229004,17.952800750732422,19.04840087890625,18.001800537109375,0,0
2023-10-19,19.229000091552734,18.235200881958008,19.399999618530273,18.39361000061035,19.224599838256836,18.230300903320312,19.228700637817383,18.235200881958008,0,0
2023-10-20,19.391199111938477,18.308500289916992,19.528499603271484,18.45673942565918,19.291200637817383,18.20359992980957,19.395700454711914,18.308500289916992,0,0
2023-10-23,19.28510093688965,18.201099395751953,19.4760799407959,18.370100021362305,19.2544002532959,18.07990074157715,19.284700393676758,18.201099395751953,0,0
2023-10-24,19.357500076293945,18.132299423217773,19.379199981689453,18.284900665283203,19.24690055847168,18.072200775146484,19.357999801635742,18.132299423217773,0,0
2023-10-25,19.34480094909668,18.259069442749023,19.4414005279541,18.387409210205078,19.29509925842285,18.222999572753906,19.346399307250977,18.259069442749023,0,0
2023-10-26,19.37849998474121,18.32740020751953,19.40519905090332,18.421340942382812,19.152099609375,18.168100357055664,19.380300521850586,18.32740020751953,0,0
2023-10-27,19.171899795532227,18.136199951171875,19.188100814819336,18.17181968688965,19.025699615478516,17.9960994720459,19.172800064086914,18.136199951171875,0,0
2023-10-30,19.122299194335938,18.10548973083496,19.161100387573242,18.11338996887207,19.047100067138672,17.95359992980957,19.126100540161133,18.10548973083496,0,0
2023-10-31,19.168899536132812,18.048099517822266,19.209800720214844,18.109189987182617,19.061500549316406,17.92365074157715,19.17099952697754,18.048099517822266,0,0
2023-11-01,19.104360580444336,18.04669952392578,19.109699249267578,18.07526969909668,18.894100189208984,17.893800735473633,19.101900100708008,18.04669952392578,0,0
2023-11-02,18.803699493408203,17.76235008239746,18.85379981994629,17.785829544067383,18.67840003967285,17.542400360107422,18.80590057373047,17.76235008239746,0,0
2023-11-03,18.618600845336914,17.527000427246094,18.69099998474121,17.55525016784668,18.525400161743164,17.283899307250977,18.61870002746582,17.527000427246094,0,0
2023-11-06,18.749120712280273,17.472129821777344,18.872100830078125,17.578350067138672,18.702999114990234,17.39310073852539,18.7455997467041,17.472129821777344,0,0
2023-11-07,18.8075008392334,17.53529930114746,18.821199417114258,17.590770721435547,18.65290069580078,17.452999114990234,18.807600021362305,17.53529930114746,0,0
2023-11-08,18.698200225830078,17.470199584960938,18.74340057373047,17.574039459228516,18.65920066833496,17.460960388183594,18.698200225830078,17.470199584960938,0,0
2023-11-09,18.782100677490234,17.52519989013672,18.807899475097656,17.597570419311523,18.719499588012695,17.468599319458008,18.783100128173828,17.52519989013672,0,0
2023-11-10,18.975900650024414,17.78936004638672,19.14539909362793,17.935850143432617,18.88520050048828,17.69403076171875,18.975200653076172,17.78936004638672,0,0
2023-11-13,18.87299919128418,17.656400680541992,18.927600860595703,17.722000122070312,18.79450035095215,17.565099716186523,18.877599716186523,17.656400680541992,0,0
2023-11-14,18.845800399780273,17.600099563598633,18.90920066833496,17.628299713134766,18.750900268554688,17.344900131225586,18.84670066833496,17.600099563598633,0,0
2023-11-15,18.866300582885742,17.332500457763672,18.89389991760254,17.408750534057617,18.78569984436035,17.292600631713867,18.866500854492188,17.332500457763672,0,0
2023-11-16,18.772899627685547,17.29616928100586,18.80389976501465,17.330209732055664,18.719200134277344,17.206100463867188,18.771900177001953,17.29616928100586,0,0
2023-11-17,18.70840072631836,17.225799560546875,18.782499313354492,17.25731086730957,18.638900756835938,17.181299209594727,18.709800720214844,17.225799560546875,0,0
2023-11-20,18.78030014038086,17.219680786132812,18.8080997467041,17.248300552368164,18.710500717163086,17.105199813842773,18.77910041809082,17.219680786132812,0,0
2023-11-21,18.727399826049805,17.110740661621094,18.834800720214844,17.221609115600586,18.687700271606445,17.05120086669922,18.726499557495117,17.110740661621094,0,0
2023-11-22,18.77750015258789,17.189599990844727,18.811899185180664,17.248340606689453,18.653799057006836,17.153900146484375,18.778099060058594,17.189599990844727,0,0
2023-11-23,18.721599578857422,17.1951904296875,18.77720069885254,17.20155906677246,18.69610023498535,17.132999420166016,18.723899841308594,17.1951904296875,0,0
2023-11-24,18.739599227905273,17.186500549316406,18.742799758911133,17.186870574951172,18.678199768066406,17.08169937133789,18.739099502563477,17.186500549316406,0,0
2023-11-27,18.722000122070312,17.113859176635742,18.79829978942871,17.19420051574707,18.651199340820312,17.020599365234375,18.721599578857422,17.113859176635742,0,0
2023-11-28,18.815000534057617,17.158599853515625,18.87779998779297,17.209550857543945,18.77720069885254,17.106800079345703,18.816200256347656,17.158599853515625,0,0
2023-11-29,18.85099983215332,17.121000289916992,18.902599334716797,17.22705078125,18.816200256347656,17.100500106811523,18.851999282836914,17.121000289916992,0,0
2023-11-30,18.976299285888672,17.282800674438477,19.103300094604492,17.496280670166016,18.91069984436035,17.24410057067871,18.976900100708008,17.282800674438477,0,0
2023-12-01,18.93720054626465,17.376300811767578,18.955699920654297,17.38715934753418,18.661500930786133,17.177200317382812,18.93910026550293,17.376300811767578,0,0
2023-12-04,18.713899612426758,17.18876075744629,18.851999282836914,17.42435073852539,18.690900802612305,17.176799774169922,18.714099884033203,17.18876075744629,0,0
2023-12-05,18.927900314331055,17.454099655151367,19.000099182128906,17.561250686645508,18.841800689697266,17.41349983215332,18.92770004272461,17.454099655151367,0,0
2023-12-06,18.748300552368164,17.358299255371094,18.747499465942383,17.37841033935547,18.610200881958008,17.233600616455078,18.747499465942383,17.358299255371094,0,0
2023-12-07,18.611299514770508,17.287460327148438,18.829500198364258,17.444639205932617,18.609100341796875,17.26689910888672,18.61199951171875,17.287460327148438,0,0
2023-12-08,18.851900100708008,17.472049713134766,18.888999938964844,17.508020401000977,18.624000549316406,17.295400619506836,18.852739334106445,17.472049713134766,0,0
2023-12-11,18.673999786376953,17.34709930419922,18.767900466918945,17.462749481201172,18.65839958190918,17.336000442504883,18.67609977722168,17.34709930419922,0,0
2023-12-12,18.71179962158203,17.36989974975586,18.774599075317383,17.43400001525879,18.664400100708008,17.28849983215332,18.711700439453125,17.36989974975586,0,0
2023-12-13,18.684600830078125,17.303760528564453,18.841800689697266,17.457860946655273,18.66900062561035,17.291400909423828,18.68429946899414,17.303760528564453,0,0
2023-12-14,18.78499984741211,17.26226043701172,19.06559944152832,17.39369010925293,18.73979949951172,17.20210075378418,18.784900665283203,17.26226043701172,0,0
2023-12-15,18.897600173950195,17.190380096435547,18.98509979248047,17.3389892578125,18.732900619506836,17.156999588012695,18.896499633789062,17.190380096435547,0,0
2023-12-18,18.761999130249023,17.221200942993164,18.8794002532959,17.296350479125977,18.762399673461914,17.195199966430664,18.766000747680664,17.221200942993164,0,0
2023-12-19,18.746299743652344,17.162700653076172,18.799800872802734,17.166160583496094,18.69700050354004,17.02199935913086,18.745500564575195,17.162700653076172,0,0
2023-12-20,18.746000289916992,17.059799194335938,18.743799209594727,17.105649948120117,18.656600952148438,17.014799118041992,18.743799209594727,17.059799194335938,0,0
2023-12-21,18.749000549316406,17.133169174194336,18.785999298095703,17.134319305419922,18.680400848388672,17.027999877929688,18.747600555419922,17.133169174194336,0,0
2023-12-22,18.743799209594727,17.031269073486328,18.757299423217773,17.04882049560547,18.663999557495117,16.918899536132812,18.743999481201172,17.031269073486328,0,0
2023-12-25,18.704200744628906,16.978370666503906,18.730499267578125,16.996200561523438,18.649959564208984,16.97146987915039,18.704200744628906,16.978370666503906,0,0
2023-12-26,18.71540069580078,16.975200653076172,18.732500076293945,16.995880126953125,18.66069984436035,16.933300018310547,18.71489906311035,16.975200653076172,0,0
2023-12-27,18.755399703979492,16.973600387573242,18.849300384521484,16.994590759277344,18.708999633789062,16.89389991760254,18.752899169921875,16.973600387573242,0,0
2023-12-28,18.798999786376953,16.91360092163086,18.8085994720459,16.93004035949707,18.697999954223633,16.847000122070312,18.796499252319336,16.91360092163086,0,0
2023-12-29,18.773500442504883,16.951200485229492,18.81879997253418,16.987850189208984,18.67180061340332,16.880699157714844,18.774799346923828,16.951200485229492,0,0
2024-01-01,18.722230911254883,16.96343994140625,18.722230911254883,16.96343994140625,18.71722984313965,16.963340759277344,18.722230911254883,16.96343994140625,0,0
2024-01-02,18.720300674438477,16.962509155273438,18.732799530029297,17.064510345458984,18.606300354003906,16.895299911499023,18.719600677490234,16.962509155273438,0,0
2024-01-03,18.635799407958984,17.019399642944336,18.670400619506836,17.098249435424805,18.56100082397461,17.003599166870117,18.63479995727539,17.019399642944336,0,0
2024-01-04,18.585899353027344,17.012149810791016,18.69700050354004,17.08370018005371,18.579599380493164,16.965499877929688,18.58650016784668,17.012149810791016,0,0
2024-01-05,18.631399154663086,17.00860023498535,18.64080047607422,17.06682014465332,18.517000198364258,16.87030029296875,18.63089942932129,17.00860023498535,0,0
2024-01-08,18.46929931640625,16.880939483642578,18.507299423217773,16.907150268554688,18.419300079345703,16.7731990814209,18.47170066833496,16.880939483642578,0,0
2024-01-09,18.432199478149414,16.83370018005371,18.530000686645508,16.95779037475586,18.400299072265625,16.803800582885742,18.431699752807617,16.83370018005371,0,0
2024-01-10,18.54680061340332,16.966659545898438,18.644800186157227,17.01959991455078,18.538999557495117,16.939899444580078,18.547019958496094,16.966659545898438,0,0
2024-01-11,18.635799407958984,16.981660842895508,18.681900024414062,17.053529739379883,18.57110023498535,16.938499450683594,18.63559913635254,16.981660842895508,0,0
2024-01-12,18.557899475097656,16.901559829711914,18.565500259399414,16.91960906982422,18.454999923706055,16.819700241088867,18.56130027770996,16.901559829711914,0,0
2024-01-15,18.462600708007812,16.869070053100586,18.50779914855957,16.910629272460938,18.44930076599121,16.853200912475586,18.46139907836914,16.869070053100586,0,0
2024-01-16,18.49329948425293,16.88479995727539,18.704700469970703,17.20155906677246,18.4689998626709,16.885099411010742,18.496700286865234,16.88479995727539,0,0
2024-01-17,18.721399307250977,17.197900772094727,18.88330078125,17.381650924682617,18.719900131225586,17.197799682617188,18.721900939941406,17.197900772094727,0,0
2024-01-18,18.7273006439209,17.19260025024414,18.7450008392334,17.23240089416504,18.652000427246094,17.141700744628906,18.72909927368164,17.19260025024414,0,0
2024-01-19,18.676300048828125,17.168359756469727,18.69968032836914,17.18733024597168,18.619600296020508,17.098400115966797,18.677200317382812,17.168359756469727,0,0
2024-01-22,18.61750030517578,17.093149185180664,18.695199966430664,17.17099952697754,18.567800521850586,17.05120086669922,18.617000579833984,17.093149185180664,0,0
2024-01-23,18.694400787353516,17.174699783325195,18.828500747680664,17.375179290771484,18.69070053100586,17.141199111938477,18.692100524902344,17.174699783325195,0,0
2024-01-24,18.789899826049805,17.306060791015625,18.795900344848633,17.31528091430664,18.675500869750977,17.12660026550293,18.789100646972656,17.306060791015625,0,0
2024-01-25,18.752399444580078,17.234159469604492,18.810199737548828,17.264009475708008,18.63800048828125,17.159700393676758,18.75119972229004,17.234159469604492,0,0
2024-01-26,18.65730094909668,17.18950080871582,18.680500030517578,17.21508026123047,18.60460090637207,17.121000289916992,18.659099578857422,17.18950080871582,0,0
2024-01-29,18.614900588989258,17.16861915588379,18.637300491333008,17.247350692749023,18.547500610351562,17.132400512695312,18.61009979248047,17.16861915588379,0,0
2024-01-30,18.654600143432617,17.219560623168945,18.693199157714844,17.252229690551758,18.608600616455078,17.158599853515625,18.655000686645508,17.219560623168945,0,0
2024-01-31,18.59830093383789,17.1527099609375,18.706600189208984,17.200849533081055,18.529399871826172,17.096450805664062,18.597900390625,17.1527099609375,0,0
2024-02-01,18.59980010986328,17.217529296875,18.65559959411621,17.2822208404541,18.53380012512207,17.087900161743164,18.601299285888672,17.217529296875,0,0
2024-02-02,18.571500778198242,17.0674991607666,18.58970069885254,17.17923927307129,18.47800064086914,17.02630043029785,18.57040023803711,17.0674991607666,0,0
2024-02-05,18.48740005493164,17.15069007873535,18.533599853515625,17.277379989624023,18.423200607299805,17.11440086364746,18.48579978942871,17.15069007873535,0,0
2024-02-06,18.390300750732422,17.109100341796875,18.403499603271484,17.123519897460938,18.295400619506836,17.01289939880371,18.389699935913086,17.109100341796875,0,0
2024-02-07,18.328100204467773,17.027999877929688,18.38719940185547,17.06652069091797,18.313100814819336,16.992950439453125,18.328399658203125,17.027999877929688,0,0
2024-02-08,18.378999710083008,17.045400619506836,18.44659996032715,17.12755012512207,18.356000900268555,17.02720069885254,18.379899978637695,17.045400619506836,0,0
2024-02-09,18.474300384521484,17.13170051574707,18.50670051574707,17.172250747680664,18.4158992767334,17.062400817871094,18.475799560546875,17.13170051574707,0,0
2024-02-12,18.436199188232422,17.075429916381836,18.44045066833496,17.083749771118164,18.35260009765625,17.03380012512207,18.436399459838867,17.075429916381836,0,0
2024-02-13,18.384199142456055,17.067760467529297,18.450199127197266,17.22149085998535,18.37310028076172,17.05419921875,18.384199142456055,17.067760467529297,0,0
2024-02-14,18.42009925842285,17.202009201049805,18.42770004272461,17.20256996154785,18.323299407958984,17.081199645996094,18.419700622558594,17.202009201049805,0,0
2024-02-15,18.336599349975586,17.075199127197266,18.405500411987305,17.1002197265625,18.297500610351562,17.031400680541992,18.338300704956055,17.075199127197266,0,0
2024-02-16,18.35700035095215,17.040170669555664,18.38759994506836,17.094810485839844,18.3302001953125,17.015300750732422,18.357200622558594,17.040170669555664,0,0
2024-02-19,18.382200241088867,17.042930603027344,18.385299682617188,17.06174087524414,18.346799850463867,17.018999099731445,18.38129997253418,17.045299530029297,0,0
2024-02-20,18.366500854492188,17.03420066833496,18.45669937133789,17.062850952148438,18.341299057006836,16.98040008544922,18.366300582885742,17.03420066833496,0,0
2024-02-21,18.442459106445312,17.059799194335938,18.452899932861328,17.07369041442871,18.40999984741211,17.026399612426758,18.44070053100586,17.059799194335938,0,0
2024-02-22,18.4419002532959,17.033100128173828,18.548900604248047,17.151899337768555,18.441299438476562,16.997900009155273,18.441299438476562,17.033100128173828,0,0
2024-02-23,18.518400192260742,17.10733985900879,18.554399490356445,17.150310516357422,18.48870086669922,17.05780029296875,18.517900466918945,17.10733985900879,0,0
2024-02-26,18.516000747680664,17.113929748535156,18.59869956970215,17.14082908630371,18.510900497436523,17.067699432373047,18.510900497436523,17.109920501708984,0,0
2024-02-27,18.546600341796875,17.08169937133789,18.552000045776367,17.10301971435547,18.47410011291504,17.031299591064453,18.546600341796875,17.08169937133789,0,0
2024-02-28,18.50320053100586,17.066959381103516,18.535900115966797,17.109350204467773,18.457199096679688,17.05190086364746,18.502199172973633,17.066959381103516,0,0
2024-02-29,18.531600952148438,17.087299346923828,18.537700653076172,17.09954071044922,18.4325008392334,17.04129981994629,18.532499313354492,17.087299346923828,0,0
2024-03-01,18.419200897216797,17.050060272216797,18.447599411010742,17.056640625,18.393699645996094,16.9867000579834,18.42112922668457,17.050060272216797,0,0
2024-03-04,18.441200256347656,17.009370803833008,18.471099853515625,17.019929885864258,18.422100067138672,16.95159912109375,18.440500259399414,17.009370803833008,0,0
2024-03-05,18.403499603271484,16.95507049560547,18.42300033569336,16.978620529174805,18.366100311279297,16.8927001953125,18.402299880981445,16.95507049560547,0,0
2024-03-06,18.393299102783203,16.932100296020508,18.398860931396484,16.950010299682617,18.336700439453125,16.837099075317383,18.393199920654297,16.932100296020508,0,0
2024-03-07,18.396699905395508,16.867799758911133,18.4596004486084,16.91914939880371,18.339099884033203,16.835500717163086,18.397499084472656,16.867799758911133,0,0
2024-03-08,18.47960090637207,16.864700317382812,18.484800338745117,16.885570526123047,18.361400604248047,16.75550079345703,18.477500915527344,16.864700317382812,0,0
2024-03-11,18.386899948120117,16.803619384765625,18.394100189208984,16.82284927368164,18.33930015563965,16.76799964904785,18.386999130249023,16.803619384765625,0,0
2024-03-12,18.36210060119629,16.798969268798828,18.39150047302246,16.846580505371094,18.339799880981445,16.767900466918945,18.362300872802734,16.798969268798828,0,0
2024-03-13,18.35300064086914,16.784299850463867,18.357500076293945,16.797760009765625,18.306400299072266,16.728599548339844,18.349000930786133,16.784299850463867,0,0
2024-03-14,18.257299423217773,16.669330596923828,18.264799118041992,16.724750518798828,18.16230010986328,16.636899948120117,18.25749969482422,16.669330596923828,0,0
2024-03-15,18.176300048828125,16.701860427856445,18.213699340820312,16.735200881958008,18.151599884033203,16.65410041809082,18.176570892333984,16.701860427856445,0,0
2024-03-18,18.19529914855957,16.720399856567383,18.283000946044922,16.79281997680664,18.18709945678711,16.66900062561035,18.19729995727539,16.720399856567383,0,0
2024-03-19,18.299800872802734,16.830860137939453,18.379600524902344,16.943809509277344,18.274599075317383,16.803800582885742,18.30030059814453,16.830860137939453,0,0
2024-03-20,18.263099670410156,16.79990005493164,18.269500732421875,16.84674072265625,18.204200744628906,16.761699676513672,18.26300048828125,16.79990005493164,0,0
2024-03-21,18.242799758911133,16.667699813842773,18.26849937438965,16.769819259643555,18.178800582885742,16.654800415039062,18.243749618530273,16.667699813842773,0,0
2024-03-22,18.181699752807617,16.7268009185791,18.197099685668945,16.823320388793945,18.061599731445312,16.683799743652344,18.181800842285156,16.7268009185791,0,0
2024-03-25,18.110700607299805,16.75830078125,18.137500762939453,16.766469955444336,18.0856990814209,16.68269920349121,18.109800338745117,16.75830078125,0,0
2024-03-26,18.080400466918945,16.670700073242188,18.134199142456055,16.712610244750977,18.0575008392334,16.651599884033203,18.079599380493164,16.670700073242188,0,0
2024-03-27,18.02829933166504,16.63159942626953,18.050800323486328,16.6730899810791,17.878299713134766,16.510299682617188,18.02910041809082,16.63159942626953,0,0
2024-03-28,17.912290573120117,16.55069923400879,17.95490074157715,16.62540054321289,17.8700008392334,16.529199600219727,17.90880012512207,16.55069923400879,0,0
2024-03-29,17.915250778198242,16.602840423583984,17.923219680786133,16.610300064086914,17.855749130249023,16.532699584960938,17.915979385375977,16.602840423583984,0,0
2024-04-01,17.867300033569336,16.555450439453125,17.8882999420166,16.668149948120117,17.820999145507812,16.521499633789062,17.86829948425293,16.555450439453125,0,0
2024-04-02,17.846010208129883,16.608800888061523,17.894100189208984,16.650150299072266,17.782400131225586,16.55769920349121,17.846799850463867,16.608800888061523,0,0
2024-04-03,17.834199905395508,16.54990005493164,17.947999954223633,16.613149642944336,17.833499908447266,16.53190040588379,17.8341007232666,16.54990005493164,0,0
2024-04-04,17.92490005493164,16.527000427246094,17.979299545288086,16.559799194335938,17.92140007019043,16.495500564575195,17.927400588989258,16.527000427246094,0,0
2024-04-05,17.956100463867188,16.573200225830078,17.974000930786133,16.600730895996094,17.760000228881836,16.430400848388672,17.95680046081543,16.573200225830078,0,0
2024-04-08,17.830699920654297,16.45199966430664,17.858699798583984,16.491390228271484,17.7096004486084,16.309900283813477,17.831600189208984,16.45199966430664,0,0
2024-04-09,17.733400344848633,16.314300537109375,17.779199600219727,16.36639976501465,17.654499053955078,16.247699737548828,17.7322998046875,16.314300537109375,0,0
2024-04-10,17.790000915527344,16.383310317993164,17.789600372314453,16.518020629882812,17.671499252319336,16.29800033569336,17.789499282836914,16.383310317993164,0,0
2024-04-11,17.684999465942383,16.452499389648438,17.692800521850586,16.48685073852539,17.590299606323242,16.37529945373535,17.685199737548828,16.452499389648438,0,0
2024-04-12,17.632200241088867,16.42609977722168,17.798099517822266,16.740110397338867,17.54669952392578,16.412099838256836,17.632099151611328,16.42609977722168,0,0
2024-04-15,17.68779945373535,16.611080169677734,17.761699676513672,16.72064971923828,17.626800537109375,16.527299880981445,17.685199737548828,16.611080169677734,0,0
2024-04-16,17.751930236816406,16.694400787353516,18.16010093688965,17.081249237060547,17.74690055847168,16.694499969482422,17.749500274658203,16.694400787353516,0,0
2024-04-17,18.090499877929688,17.033340454101562,18.135499954223633,17.078319549560547,17.957399368286133,16.86495018005371,18.091999053955078,17.033340454101562,0,0
2024-04-18,18.10460090637207,16.956300735473633,18.285600662231445,17.16080093383789,18.070199966430664,16.90730094909668,18.10449981689453,16.956300735473633,0,0
2024-04-19,18.173599243164062,17.074960708618164,19.01099967956543,17.817689895629883,18.16830062866211,17.05940055847168,18.171899795532227,17.074960708618164,0,0
2024-04-22,18.228900909423828,17.091999053955078,18.316999435424805,17.233999252319336,18.1387996673584,16.99920082092285,18.22800064086914,17.092100143432617,0,0
2024-04-23,18.257099151611328,17.136980056762695,18.297000885009766,17.145349502563477,18.16160011291504,16.956600189208984,18.255399703979492,17.136980056762695,0,0
2024-04-24,18.153200149536133,16.949199676513672,18.284000396728516,17.114070892333984,18.074100494384766,16.902099609375,18.15760040283203,16.949199676513672,0,0
2024-04-25,18.27669906616211,17.070100784301758,18.539600372314453,17.341869354248047,18.256000518798828,17.019800186157227,18.277799606323242,17.070100784301758,0,0
2024-04-26,18.45319938659668,17.201810836791992,18.547800064086914,17.277549743652344,18.31879997253418,17.10449981689453,18.45170021057129,17.201810836791992,0,0
2024-04-29,18.37649917602539,17.16404914855957,18.48150062561035,17.245849609375,18.230300903320312,17.00510025024414,18.377500534057617,17.16404914855957,0,0
2024-04-30,18.228099822998047,17.011560440063477,18.274099349975586,17.079349517822266,18.181800842285156,16.948200225830078,18.228099822998047,17.011560440063477,0,0
2024-05-01,18.29210090637207,17.149919509887695,18.29199981689453,17.159250259399414,18.172199249267578,17.00200080871582,18.29199981689453,17.149919509887695,0,0
2024-05-02,18.156600952148438,16.928600311279297,18.186199188232422,16.983259201049805,18.059900283813477,16.893800735473633,18.161800384521484,16.928600311279297,0,0
2024-05-03,18.21619987487793,16.961700439453125,18.337200164794922,17.025829315185547,18.16699981689453,16.82309913635254,18.218700408935547,16.961700439453125,0,0
2024-05-06,18.26689910888672,16.980260848999023,18.271799087524414,16.98154067993164,18.20199966430664,16.881000518798828,18.269699096679688,16.980260848999023,0,0
2024-05-07,18.178300857543945,16.88334083557129,18.226900100708008,16.92144012451172,18.131900787353516,16.82819938659668,18.178300857543945,16.88334083557129,0,0
2024-05-08,18.172000885009766,16.90406036376953,18.244600296020508,16.975250244140625,18.128000259399414,16.868000030517578,18.17180061340332,16.90406036376953,0,0
2024-05-09,18.178499221801758,16.9160099029541,18.22559928894043,16.961299896240234,18.157699584960938,16.848800659179688,18.179500579833984,16.9160099029541,0,0
2024-05-10,18.102399826049805,16.779499053955078,18.119400024414062,16.812149047851562,18.01930046081543,16.711299896240234,18.10219955444336,16.779499053955078,0,0
2024-05-13,18.07159996032715,16.767200469970703,18.161100387573242,16.814449310302734,18.042200088500977,16.722400665283203,18.072900772094727,16.767200469970703,0,0
2024-05-14,18.127500534057617,16.783199310302734,18.244800567626953,16.875049591064453,18.090200424194336,16.75790023803711,18.125,16.783199310302734,0,0
2024-05-15,18.216100692749023,16.844160079956055,18.306699752807617,16.89604949951172,18.112199783325195,16.672300338745117,18.21579933166504,16.844160079956055,0,0
2024-05-16,18.163999557495117,16.681060791015625,18.19099998474121,16.736629486083984,18.128999710083008,16.66189956665039,18.162700653076172,16.681060791015625,0,0
2024-05-17,18.12470054626465,16.678159713745117,18.15130043029785,16.714950561523438,18.042699813842773,16.599199295043945,18.124300003051758,16.678159713745117,0,0
2024-05-20,18.046899795532227,16.586299896240234,18.0718994140625,16.636699676513672,17.984800338745117,16.550500869750977,18.046199798583984,16.586299896240234,0,0
2024-05-21,17.976600646972656,16.552570343017578,18.019800186157227,16.600419998168945,17.952999114990234,16.515100479125977,17.976699829101562,16.552570343017578,0,0
2024-05-22,18.041400909423828,16.606599807739258,18.07200050354004,16.682449340820312,17.99049949645996,16.578699111938477,18.040300369262695,16.606599807739258,0,0
2024-05-23,18.035900115966797,16.661630630493164,18.12459945678711,16.731449127197266,18.01180076599121,16.61389923095703,18.041400909423828,16.661630630493164,0,0
2024-05-24,18.088199615478516,16.730369567871094,18.157400131225586,16.75041961669922,18.065200805664062,16.666400909423828,18.08970069885254,16.730369567871094,0,0
2024-05-27,18.099599838256836,16.673799514770508,18.131399154663086,16.697799682617188,18.066200256347656,16.631500244140625,18.098600387573242,16.673799514770508,0,0
2024-05-28,18.097200393676758,16.6623592376709,18.197399139404297,16.73859977722168,18.096500396728516,16.622400283813477,18.09709930419922,16.6623592376709,0,0
2024-05-29,18.223400115966797,16.781400680541992,18.36389923095703,16.98444938659668,18.149099349975586,16.736299514770508,18.222900390625,16.781400680541992,0,0
2024-05-30,18.381200790405273,17.017580032348633,18.48940086364746,17.125139236450195,18.317899703979492,16.9064998626709,18.38450050354004,17.017580032348633,0,0
2024-05-31,18.421600341796875,17.00581932067871,18.514699935913086,17.068260192871094,18.39780044555664,16.9064998626709,18.424400329589844,17.00581932067871,0,0
2024-06-03,18.419300079345703,16.97260093688965,19.196500778198242,17.710739135742188,18.368600845336914,16.90690040588379,18.42099952697754,16.97260093688965,0,0
2024-06-04,19.305700302124023,17.700429916381836,19.72330093383789,18.149349212646484,19.13599967956543,17.537500381469727,19.281200408935547,17.700429916381836,0,0
2024-06-05,19.38170051574707,17.81191062927246,19.395599365234375,17.82615089416504,19.0177001953125,17.48870086669922,19.378999710083008,17.81191062927246,0,0
2024-06-06,19.04560089111328,17.50349998474121,19.193700790405273,17.643369674682617,18.975799560546875,17.434200286865234,19.045799255371094,17.50349998474121,0,0
2024-06-07,19.47559928894043,17.879959106445312,19.851299285888672,18.36132049560547,19.324600219726562,17.806140899658203,19.478490829467773,17.879959106445312,0,0
2024-06-10,19.74650001525879,18.325849533081055,20.00160026550293,18.610740661621094,19.6299991607666,18.24959945678711,19.75909996032715,18.325849533081055,0,0
2024-06-11,19.989299774169922,18.57221031188965,19.972700119018555,18.556499481201172,19.64299964904785,18.296499252319336,19.972700119018555,18.57221031188965,0,0
2024-06-12,19.9552001953125,18.58061981201172,20.545400619506836,18.97361946105957,19.924400329589844,18.542699813842773,19.944799423217773,18.58061981201172,0,0
2024-06-13,20.277799606323242,18.754140853881836,20.36319923400879,18.838319778442383,19.925800323486328,18.510299682617188,20.277700424194336,18.754140853881836,0,0
2024-06-14,19.777000427246094,18.415180206298828,19.955299377441406,18.673730850219727,19.670900344848633,18.381799697875977,19.76810073852539,18.415180206298828,0,0
2024-06-17,19.752599716186523,18.455799102783203,19.960599899291992,18.628799438476562,19.735599517822266,18.41710090637207,19.7539005279541,18.455799102783203,0,0
2024-06-18,19.903799057006836,18.52090072631836,19.903600692749023,18.554359436035156,19.63800048828125,18.30076026916504,19.902700424194336,18.52090072631836,0,0
2024-06-19,19.770700454711914,18.399099349975586,19.85569953918457,18.47170066833496,19.708499908447266,18.361900329589844,19.768600463867188,18.399099349975586,0,0
2024-06-20,19.804899215698242,18.427440643310547,19.823400497436523,18.45808982849121,19.690399169921875,18.3656005859375,19.80389976501465,18.427440643310547,0,0
2024-06-21,19.64430046081543,18.34238052368164,19.662500381469727,18.361900329589844,19.433799743652344,18.17807960510254,19.6471004486084,18.34238052368164,0,0
2024-06-24,19.375499725341797,18.129789352416992,19.421899795532227,18.143329620361328,19.31279945373535,17.993200302124023,19.368799209594727,18.129789352416992,0,0
2024-06-25,19.260799407958984,17.944719314575195,19.467199325561523,18.19481086730957,19.204299926757812,17.881999969482422,19.26020050048828,17.944719314575195,0,0
2024-06-26,19.40239906311035,18.111299514770508,19.569599151611328,18.31821060180664,19.31329917907715,18.055500030517578,19.414100646972656,18.111299514770508,0,0
2024-06-27,19.556800842285156,18.301000595092773,19.784099578857422,18.450849533081055,19.537200927734375,18.268299102783203,19.557300567626953,18.301000595092773,0,0
2024-06-28,19.737699508666992,18.42976951599121,19.858400344848633,18.579959869384766,19.531400680541992,18.235580444335938,19.729299545288086,18.42976951599121,0,0
2024-07-01,19.61870002746582,18.265300750732422,19.813100814819336,18.443099975585938,19.616199493408203,18.252500534057617,19.623699188232422,18.265300750732422,0,0
2024-07-02,19.726499557495117,18.36639976501465,19.820499420166016,18.489139556884766,19.56279945373535,18.207500457763672,19.73150062561035,18.36639976501465,0,0
2024-07-03,19.630939483642578,18.252199172973633,19.664600372314453,18.297969818115234,19.558900833129883,18.096399307250977,19.630199432373047,18.252199172973633,0,0
2024-07-04,19.611400604248047,18.174360275268555,19.61590003967285,18.175739288330078,19.513700485229492,18.044599533081055,19.6033992767334,18.174360275268555,0,0
2024-07-05,19.555400848388672,18.080400466918945,19.669519424438477,18.189250946044922,19.503000259399414,18.002750396728516,19.558500289916992,18.080400466918945,0,0
2024-07-08,19.581600189208984,18.088279724121094,19.58839988708496,18.100910186767578,19.471200942993164,17.970699310302734,19.580699920654297,18.088279724121094,0,0
2024-07-09,19.479900360107422,17.973600387573242,19.53230094909668,18.049850463867188,19.37529945373535,17.901100158691406,19.48200035095215,17.973600387573242,0,0
2024-07-10,19.3528995513916,17.895339965820312,19.358299255371094,17.899839401245117,19.22570037841797,17.7593994140625,19.352500915527344,17.895339965820312,0,0
2024-07-11,19.32200050354004,17.836530685424805,19.450199127197266,17.88327980041504,19.290000915527344,17.71031951904297,19.3218994140625,17.836530685424805,0,0
2024-07-12,19.302000045776367,17.753259658813477,19.340999603271484,17.80167007446289,19.24220085144043,17.63610076904297,19.30660057067871,17.753259658813477,0,0
2024-07-15,19.26490020751953,17.69873046875,19.48889923095703,17.855810165405273,19.2460994720459,17.667299270629883,19.259700775146484,17.69873046875,0,0
2024-07-16,19.32040023803711,17.71579933166504,19.390300750732422,17.804880142211914,19.214099884033203,17.640300750732422,19.318300247192383,17.71579933166504,0,0
2024-07-17,19.242300033569336,17.650419235229492,19.48259925842285,17.80522918701172,19.237899780273438,17.624670028686523,19.238300323486328,17.650419235229492,0,0
2024-07-18,19.395599365234375,17.720199584960938,19.495500564575195,17.865619659423828,19.34910011291504,17.685800552368164,19.41230010986328,17.720199584960938,0,0
2024-07-19,19.57710075378418,17.958499908447266,19.622499465942383,18.02741050720215,19.40329933166504,17.822219848632812,19.582399368286133,17.958499908447266,0,0
2024-07-22,19.585500717163086,17.970619201660156,19.713199615478516,18.10679054260254,19.47089958190918,17.885299682617188,19.582700729370117,17.970619201660156,0,0
2024-07-23,19.53730010986328,17.930599212646484,19.637100219726562,18.0981502532959,19.479000091552734,17.91710090637207,19.535900115966797,17.930599212646484,0,0
2024-07-24,19.7052001953125,18.163150787353516,19.992599487304688,18.422199249267578,19.693700790405273,18.143999099731445,19.706300735473633,18.163150787353516,0,0
2024-07-25,19.901500701904297,18.360319137573242,20.158300399780273,18.57508087158203,19.867000579833984,18.310400009155273,19.901500701904297,18.360319137573242,0,0
2024-07-26,20.01409912109375,18.439899444580078,20.077299118041992,18.492950439453125,19.869400024414062,18.29129981994629,20.015600204467773,18.439899444580078,0,0
2024-07-29,20.013200759887695,18.42729949951172,20.231599807739258,18.700660705566406,19.934900283813477,18.40169906616211,20.014699935913086,18.42729949951172,0,0
2024-07-30,20.179399490356445,18.640899658203125,20.327590942382812,18.81584930419922,20.106000900268555,18.564199447631836,20.179100036621094,18.640899658203125,0,0
2024-07-31,20.293399810791016,18.75279998779297,20.472000122070312,18.94120979309082,20.102800369262695,18.571409225463867,20.296100616455078,18.75279998779297,0,0
2024-08-01,20.17490005493164,18.640039443969727,20.242000579833984,18.721609115600586,19.902000427246094,18.429279327392578,20.178199768066406,18.640039443969727,0,0
2024-08-02,20.425800323486328,18.923799514770508,20.842599868774414,19.17460060119629,20.372299194335938,18.87190055847168,20.41830062866211,18.923799514770508,0,0
2024-08-05,21.305299758911133,19.528430938720703,22.023500442504883,20.147790908813477,21.14699935913086,19.37225914001465,21.289499282836914,19.528430938720703,0,0
2024-08-06,21.019100189208984,19.19502067565918,21.299299240112305,19.508729934692383,20.952499389648438,19.13888931274414,21.015199661254883,19.19502067565918,0,0
2024-08-07,21.396699905395508,19.58378028869629,21.400299072265625,19.58819007873535,20.901500701904297,19.106599807739258,21.39929962158203,19.58378028869629,0,0
2024-08-08,21.130050659179688,19.33470916748047,21.152099609375,19.354759216308594,20.816499710083008,19.08209991455078,21.07784080505371,19.33470916748047,0,0
2024-08-09,20.586200714111328,18.86026954650879,20.65049934387207,18.911239624023438,20.499000549316406,18.7726993560791,20.578699111938477,18.86026954650879,0,0
2024-08-12,20.540700912475586,18.822189331054688,20.82040023803711,19.050689697265625,20.519100189208984,18.77750015258789,20.54199981689453,18.822189331054688,0,0
2024-08-13,20.843799591064453,19.059799194335938,20.9158992767334,19.092350006103516,20.68400001525879,18.922199249267578,20.837299346923828,19.059799194335938,0,0
2024-08-14,20.887399673461914,18.998079299926758,20.90959930419922,19.014659881591797,20.73859977722168,18.79829978942871,20.890899658203125,18.998079299926758,0,0
2024-08-15,20.72480010986328,18.81170082092285,20.742900848388672,18.838150024414062,20.43899917602539,18.62809944152832,20.723899841308594,18.81170082092285,0,0
2024-08-16,20.458799362182617,18.636199951171875,20.590700149536133,18.741329193115234,20.45170021057129,18.600500106811523,20.462600708007812,18.636199951171875,0,0
2024-08-19,20.533899307250977,18.6258602142334,20.815500259399414,18.83254051208496,20.529699325561523,18.598400115966797,20.539100646972656,18.6258602142334,0,0
2024-08-20,20.69230079650879,18.665109634399414,21.021799087524414,18.92984962463379,20.666500091552734,18.64259910583496,20.690799713134766,18.665109634399414,0,0
2024-08-21,21.153400421142578,19.009849548339844,21.47599983215332,19.31121063232422,21.04159927368164,18.916799545288086,21.15241050720215,19.009849548339844,0,0
2024-08-22,21.50349998474121,19.277130126953125,21.700300216674805,19.52849006652832,21.480600357055664,19.263900756835938,21.50309944152832,19.277130126953125,0,0
2024-08-23,21.67639923095703,19.49020004272461,21.71339988708496,19.52376937866211,21.25149917602539,19.02140998840332,21.67490005493164,19.49020004272461,0,0
2024-08-26,21.492900848388672,19.212249755859375,21.675500869750977,19.41122055053711,21.392499923706055,19.138999938964844,21.49519920349121,19.212249755859375,0,0
2024-08-27,21.640300750732422,19.374500274658203,21.984800338745117,19.69205093383789,21.61280059814453,19.33970069885254,21.640199661254883,19.374500274658203,0,0
2024-08-28,22.107019424438477,19.77079963684082,22.111299514770508,19.781999588012695,21.5939998626709,19.42597007751465,22.111299514770508,19.77079963684082,0,0
2024-08-29,21.884199142456055,19.664400100708008,22.061199188232422,19.95013999938965,21.687000274658203,19.557100296020508,21.882999420166016,19.664400100708008,0,0
2024-08-30,21.98040008544922,19.834199905395508,22.001800537109375,19.869539260864258,21.704099655151367,19.61989974975586,21.979900360107422,19.834199905395508,0,0
2024-09-02,21.76959991455078,19.699800491333008,21.924299240112305,19.804969787597656,21.7101993560791,19.614299774169922,21.776100158691406,19.699800491333008,0,0
2024-09-03,21.961200714111328,19.83639907836914,22.089000701904297,19.978429794311523,21.801300048828125,19.715999603271484,21.960599899291992,19.83639907836914,0,0
2024-09-04,21.8705997467041,19.795400619506836,22.00819969177246,19.914899826049805,21.81100082397461,19.66200065612793,21.872499465942383,19.795400619506836,0,0
2024-09-05,22.102800369262695,19.948749542236328,22.39109992980957,20.146099090576172,22.03569984436035,19.88935089111328,22.113800048828125,19.948749542236328,0,0
2024-09-06,22.090539932250977,19.881380081176758,22.29800033569336,20.074899673461914,21.91699981689453,19.74920082092285,22.091800689697266,19.881380081176758,0,0
2024-09-09,22.11910057067871,19.940200805664062,22.15369987487793,20.009700775146484,21.86400032043457,19.808950424194336,22.122600555419922,19.940200805664062,0,0
2024-09-10,21.951000213623047,19.89137077331543,22.183000564575195,20.129770278930664,21.933300018310547,19.87070083618164,21.95050048828125,19.89137077331543,0,0
2024-09-11,22.1382999420166,20.08941078186035,22.247299194335938,20.14150047302246,21.77630043029785,19.768980026245117,22.14259910583496,20.08941078186035,0,0
2024-09-12,21.805099487304688,19.795900344848633,21.896900177001953,19.837020874023438,21.635700225830078,19.600799560546875,21.802400588989258,19.795900344848633,0,0
2024-09-13,21.635099411010742,19.52079963684082,21.70210075378418,19.564300537109375,21.3257999420166,19.21969985961914,21.63789939880371,19.52079963684082,0,0
2024-09-16,21.24650001525879,19.15220069885254,21.559499740600586,19.38372039794922,21.23819923400879,19.14590072631836,21.23819923400879,19.15220069885254,0,0
2024-09-17,21.383899688720703,19.20560073852539,21.590999603271484,19.3995304107666,21.3710994720459,19.200599670410156,21.38520050048828,19.20560073852539,0,0
2024-09-18,21.26110076904297,19.115530014038086,21.434200286865234,19.286060333251953,21.212299346923828,19.05470085144043,21.261999130249023,19.115530014038086,0,0
2024-09-19,21.3843994140625,19.243270874023438,21.586299896240234,19.392940521240234,21.344499588012695,19.134599685668945,21.371700286865234,19.243270874023438,0,0
2024-09-20,21.546600341796875,19.299999237060547,21.738100051879883,19.48253059387207,21.512800216674805,19.25819969177246,21.54829978942871,19.299999237060547,0,0
2024-09-23,21.62470054626465,19.37656021118164,21.70599937438965,19.497079849243164,21.481199264526367,19.303199768066406,21.622699737548828,19.37656021118164,0,0
2024-09-24,21.58209991455078,19.4153995513916,21.614700317382812,19.437480926513672,21.466100692749023,19.23914909362793,21.581300735473633,19.4153995513916,0,0
2024-09-25,21.618099212646484,19.30820083618164,21.919599533081055,19.633310317993164,21.607099533081055,19.2987003326416,21.61750030517578,19.30820083618164,0,0
2024-09-26,21.859800338745117,19.636600494384766,21.892099380493164,19.65106964111328,21.702899932861328,19.46445083618164,21.858200073242188,19.636600494384766,0,0
2024-09-27,21.924100875854492,19.61591911315918,21.991100311279297,19.66044044494629,21.748699188232422,19.52120018005371,21.92799949645996,19.61591911315918,0,0
2024-09-30,21.93939971923828,19.63050079345703,22.058700561523438,19.734909057617188,21.83049964904785,19.54490089416504,21.936899185180664,19.63050079345703,0,0
2024-10-01,21.908599853515625,19.66360092163086,21.930099487304688,19.779949188232422,21.725900650024414,19.61090087890625,21.908599853515625,19.66360092163086,0,0
2024-10-02,21.712919235229492,19.626440048217773,21.747900009155273,19.65665054321289,21.360300064086914,19.33884048461914,21.716299057006836,19.626440048217773,0,0
2024-10-03,21.451900482177734,19.408199310302734,21.589500427246094,19.565000534057617,21.40250015258789,19.391599655151367,21.44610023498535,19.408199310302734,0,0
2024-10-04,21.345500946044922,19.335500717163086,21.382099151611328,19.389909744262695,20.954200744628906,19.110979080200195,21.3523006439209,19.335500717163086,0,0
2024-10-07,21.148799896240234,19.27667999267578,21.316499710083008,19.422399520874023,21.05030059814453,19.186899185180664,21.146099090576172,19.27667999267578,0,0
2024-10-08,21.171600341796875,19.289670944213867,21.323699951171875,19.442279815673828,21.11319923400879,19.222400665283203,21.1643009185791,19.289670944213867,0,0
2024-10-09,21.24250030517578,19.345399856567383,21.280000686645508,19.442659378051758,21.16469955444336,19.30590057373047,21.2460994720459,19.345399856567383,0,0
2024-10-10,21.300800323486328,19.467449188232422,21.45400047302246,19.610279083251953,21.249300003051758,19.429229736328125,21.29759979248047,19.467449188232422,0,0
2024-10-11,21.263999938964844,19.438400268554688,21.325899124145508,19.48724937438965,21.199499130249023,19.375890731811523,21.267900466918945,19.438400268554688,0,0
2024-10-14,21.072399139404297,19.29953956604004,21.1343994140625,19.36614990234375,21.01569938659668,19.22640037536621,21.081100463867188,19.29953956604004,0,0
2024-10-15,21.191200256347656,19.425949096679688,21.445600509643555,19.667490005493164,21.1018009185791,19.368200302124023,21.182510375976562,19.425949096679688,0,0
2024-10-16,21.445899963378906,19.695100784301758,21.70840072631836,19.932329177856445,21.40760040283203,19.66309928894043,21.44729995727539,19.695100784301758,0,0
2024-10-17,21.613000869750977,19.898700714111328,21.72153091430664,20.024229049682617,21.493099212646484,19.82229995727539,21.617300033569336,19.898700714111328,0,0
2024-10-18,21.459400177001953,19.816810607910156,21.52429962158203,19.84535026550293,21.33169937133789,19.64069938659668,21.45949935913086,19.816810607910156,0,0
2024-10-21,21.593000411987305,19.868560791015625,21.774999618530273,20.060260772705078,21.591299057006836,19.859399795532227,21.592599868774414,19.868560791015625,0,0
2024-10-22,21.595500946044922,19.960800170898438,21.598499298095703,19.965070724487305,21.385799407958984,19.76910972595215,21.592199325561523,19.960800170898438,0,0
2024-10-23,21.532800674438477,19.936199188232422,21.631799697875977,20.093000411987305,21.471399307250977,19.908100128173828,21.53059959411621,19.936199188232422,0,0
2024-10-24,21.378999710083008,19.832460403442383,21.497800827026367,19.893299102783203,21.281400680541992,19.74690055847168,21.3799991607666,19.832460403442383,0,0
2024-10-25,21.45870018005371,19.814199447631836,21.540800094604492,19.92314910888672,21.42180061340332,19.762500762939453,21.454999923706055,19.814199447631836,0,0
2024-10-28,21.53219985961914,19.946569442749023,21.74530029296875,20.0898494720459,21.530399322509766,19.936199188232422,21.533700942993164,19.946569442749023,0,0
2024-10-29,21.66189956665039,20.02873992919922,21.681800842285156,20.068660736083984,21.537399291992188,19.95319938659668,21.664499282836914,20.02873992919922,0,0
2024-10-30,21.698400497436523,20.05377960205078,21.926700592041016,20.217960357666016,21.68079948425293,19.99340057373047,21.696699142456055,20.05377960205078,0,0
2024-10-31,21.896099090576172,20.1639404296875,21.901399612426758,20.181699752807617,21.738100051879883,20.020700454711914,21.888999938964844,20.1639404296875,0,0
2024-11-01,21.822900772094727,20.050689697265625,21.849000930786133,20.07706069946289,21.673870086669922,19.92591094970703,21.824199676513672,20.050689697265625,0,0
2024-11-04,21.836000442504883,20.081819534301758,21.96579933166504,20.165599822998047,21.76460075378418,19.947099685668945,21.83530044555664,20.081819534301758,0,0
2024-11-05,21.85810089111328,20.093900680541992,22.20359992980957,20.34808921813965,21.853700637817383,20.07200050354004,21.858299255371094,20.093900680541992,0,0
2024-11-06,22.014400482177734,20.13159942626953,22.342100143432617,20.79949951171875,21.68000030517578,20.134700775146484,22.031200408935547,20.13159942626953,0,0
2024-11-07,21.64189910888672,20.167009353637695,21.71619987487793,20.202890396118164,21.32309913635254,19.76020050048828,21.63719940185547,20.167009353637695,0,0
2024-11-08,21.368200302124023,19.793569564819336,21.663000106811523,20.227630615234375,21.32029914855957,19.76650047302246,21.373899459838867,19.793569564819336,0,0
2024-11-11,21.572900772094727,20.13759994506836,21.88479995727539,20.562969207763672,21.560100555419922,20.11389923095703,21.570100784301758,20.13759994506836,0,0
2024-11-12,21.69499969482422,20.339500427246094,21.843599319458008,20.611289978027344,21.618499755859375,20.33839988708496,21.69540023803711,20.339500427246094,0,0
2024-11-13,21.856800079345703,20.582700729370117,21.89579963684082,20.64529037475586,21.718599319458008,20.42639923095703,21.85740089416504,20.582700729370117,0,0
2024-11-14,21.680099487304688,20.518400192260742,21.77739906311035,20.668149948120117,21.60890007019043,20.463329315185547,21.684999465942383,20.518400192260742,0,0
2024-11-15,21.528400421142578,20.438600540161133,21.605199813842773,20.494020462036133,21.42620086669922,20.313400268554688,21.529199600219727,20.438600540161133,0,0
2024-11-18,21.444900512695312,20.356170654296875,21.592899322509766,20.43773078918457,21.411399841308594,20.25200080871582,21.4507999420166,20.356170654296875,0,0
2024-11-19,21.414400100708008,20.213289260864258,21.515499114990234,20.336959838867188,21.303800582885742,20.1289005279541,21.41320037841797,20.213289260864258,0,0
2024-11-20,21.327999114990234,20.10972023010254,21.382299423217773,20.313020706176758,21.267799377441406,20.084800720214844,21.315399169921875,20.10972023010254,0,0
2024-11-21,21.380699157714844,20.274620056152344,21.462799072265625,20.45244026184082,21.340599060058594,20.247900009155273,21.383399963378906,20.274620056152344,0,0
2024-11-22,21.37150001525879,20.414119720458984,21.41360092163086,20.541349411010742,21.191999435424805,20.36319923400879,21.37150001525879,20.414119720458984,0,0
2024-11-25,21.32539939880371,20.350839614868164,21.38330078125,20.44182014465332,21.290000915527344,20.238100051879883,21.32469940185547,20.350839614868164,0,0
2024-11-26,21.493200302124023,20.580469131469727,21.750099182128906,20.746599197387695,21.496299743652344,20.435800552368164,21.514299392700195,20.580469131469727,0,0
2024-11-27,21.67530059814453,20.65250015258789,21.91939926147461,20.777610778808594,21.66230010986328,20.59280014038086,21.675399780273438,20.65250015258789,0,0
2024-11-28,21.751300811767578,20.598169326782227,21.755300521850586,20.599159240722656,21.282699584960938,20.201250076293945,21.755300521850586,20.598169326782227,0,0
2024-11-29,21.590299606323242,20.436199188232422,21.67289924621582,20.466440200805664,21.376399993896484,20.248130798339844,21.588899612426758,20.436199188232422,0,0
2024-12-02,21.4862003326416,20.378610610961914,21.624799728393555,20.591739654541016,21.388900756835938,20.379789352416992,21.489900588989258,20.3806095123291,0,0
2024-12-03,21.425899505615234,20.40690040588379,21.476600646972656,20.423519134521484,21.31450080871582,20.281400680541992,21.425399780273438,20.40690040588379,0,0
2024-12-04,21.348499298095703,20.30389976501465,21.3927001953125,20.379749298095703,21.295000076293945,20.25160026550293,21.347000122070312,20.30389976501465,0,0
2024-12-05,21.348499298095703,20.308639526367188,21.41200065612793,20.306760787963867,21.285600662231445,20.154699325561523,21.343399047851562,20.308639526367188,0,0
2024-12-06,21.382400512695312,20.19179916381836,21.408899307250977,20.24587059020996,21.319499969482422,20.096500396728516,21.381999969482422,20.19179916381836,0,0
2024-12-09,21.30929946899414,20.170900344848633,21.337400436401367,20.20461082458496,21.25749969482422,20.09939956665039,21.310800552368164,20.170900344848633,0,0
2024-12-10,21.36870002746582,20.245899200439453,21.37929916381836,20.31998062133789,21.196800231933594,20.138900756835938,21.361799240112305,20.245899200439453,0,0
2024-12-11,21.231300354003906,20.1607608795166,21.26729965209961,20.25518035888672,21.118499755859375,20.120819091796875,21.232099533081055,20.1607608795166,0,0
2024-12-12,21.14259910583496,20.114200592041016,21.20039939880371,20.21453094482422,21.108400344848633,20.087400436401367,21.140899658203125,20.114200592041016,0,0
2024-12-13,21.155899047851562,20.191099166870117,21.27120018005371,20.254579544067383,21.08530044555664,20.107799530029297,21.157499313354492,20.191099166870117,0,0
2024-12-16,21.129499435424805,20.105419158935547,21.204700469970703,20.205299377441406,21.09749984741211,20.082420349121094,21.1299991607666,20.105419158935547,0,0
2024-12-17,21.173500061035156,20.133819580078125,21.29509925842285,20.271780014038086,21.086999893188477,20.087299346923828,21.173200607299805,20.133819580078125,0,0
2024-12-18,21.170799255371094,20.173749923706055,21.23590087890625,20.20886993408203,21.077899932861328,20.0734806060791,21.16830062866211,20.173749923706055,0,0
2024-12-19,21.097900390625,20.37470054626465,21.28459930419922,20.503000259399414,21.098800659179688,20.2992000579834,21.098800659179688,20.37470054626465,0,0
2024-12-20,21.084699630737305,20.333999633789062,21.09830093383789,20.350400924682617,20.894800186157227,20.05364990234375,21.084699630737305,20.333999633789062,0,0
2024-12-23,20.928300857543945,20.063430786132812,21.027700424194336,20.219449996948242,20.887399673461914,20.03619956970215,20.927799224853516,20.063430786132812,0,0
2024-12-24,20.9960994720459,20.169300079345703,21.016700744628906,20.210119247436523,20.913700103759766,20.110000610351562,20.99519920349121,20.169300079345703,0,0
2024-12-25,20.86090087890625,20.153799057006836,20.998859405517578,20.159900665283203,20.86090087890625,20.144699096679688,20.86090087890625,20.153799057006836,0,0
2024-12-26,20.95475959777832,20.156639099121094,21.023099899291992,20.19856071472168,20.929800033569336,20.12299919128418,20.960500717163086,20.156639099121094,0,0
2024-12-27,21.066099166870117,20.20479965209961,21.25950050354004,20.398469924926758,21.04199981689453,20.18790054321289,21.06800079345703,20.20479965209961,0,0
2024-12-30,21.183799743652344,20.313169479370117,21.350099563598633,20.564170837402344,21.166799545288086,20.309499740600586,21.190399169921875,20.313169479370117,0,0
2024-12-31,21.478300094604492,20.632200241088867,21.61199951171875,20.87598991394043,21.46310043334961,20.632600784301758,21.479799270629883,20.632200241088867,0,0
2025-01-02,21.56100082397461,20.83024024963379,21.59749984741211,20.857179641723633,21.131999969482422,20.60770034790039,21.564899444580078,20.83024024963379,0,0
2025-01-03,21.153099060058594,20.592899322509766,21.292299270629883,20.692039489746094,21.08799934387207,20.507999420166016,21.142799377441406,20.592899322509766,0,0
2025-01-06,21.24799919128418,20.620149612426758,21.3528995513916,20.663379669189453,21.080699920654297,20.24247932434082,21.247100830078125,20.620149612426758,0,0
2025-01-07,21.109100341796875,20.32080078125,21.204940795898438,20.390239715576172,21.01609992980957,20.262990951538086,21.11240005493164,20.32080078125,0,0
2025-01-08,21.02519989013672,20.32733917236328,21.114900588989258,20.52145004272461,20.962900161743164,20.299299240112305,21.023000717163086,20.32733917236328,0,0
2025-01-09,21.051799774169922,20.410959243774414,21.125999450683594,20.511770248413086,21.023000717163086,20.388999938964844,21.05150032043457,20.410959243774414,0,0
2025-01-10,21.113800048828125,20.506359100341797,21.23889923095703,20.742610931396484,21.04159927368164,20.47249984741211,21.11870002746582,20.506359100341797,0,0
2025-01-13,21.206100463867188,20.70178985595703,21.281999588012695,20.864139556884766,21.136699676513672,20.691299438476562,21.20560073852539,20.70178985595703,0,0
2025-01-14,21.15559959411621,20.61046028137207,21.202199935913086,20.674549102783203,21.039499282836914,20.43950080871582,21.15690040588379,20.61046028137207,0,0
2025-01-15,21.140600204467773,20.503999710083008,21.18269920349121,20.55816078186035,21.043500900268555,20.36680030822754,21.140499114990234,20.503999710083008,0,0
2025-01-16,21.05769920349121,20.455310821533203,21.464799880981445,20.831340789794922,21.05299949645996,20.441600799560547,21.055299758911133,20.455310821533203,0,0
2025-01-17,21.4601993560791,20.83272933959961,21.556100845336914,20.935169219970703,21.285400390625,20.671100616455078,21.45709991455078,20.83272933959961,0,0
2025-01-20,21.363500595092773,20.791290283203125,21.535400390625,20.89521026611328,21.290599822998047,20.438419342041016,21.36989974975586,20.791290283203125,0,0
2025-01-21,21.35810089111328,20.49724006652832,21.561899185180664,20.792829513549805,21.340299606323242,20.466899871826172,21.36090087890625,20.49724006652832,0,0
2025-01-22,21.498199462890625,20.66119956970215,21.515199661254883,20.666139602661133,21.34160041809082,20.469900131225586,21.500699996948242,20.66119956970215,0,0
2025-01-23,21.332599639892578,20.48710060119629,21.343399047851562,20.517879486083984,21.19339942932129,20.34712028503418,21.33180046081543,20.48710060119629,0,0
2025-01-24,21.224300384521484,20.37883949279785,21.294099807739258,20.387300491333008,21.135400772094727,20.132450103759766,21.221200942993164,20.37883949279785,0,0
2025-01-27,21.393600463867188,20.436969757080078,21.731800079345703,20.715200424194336,21.346799850463867,20.384639739990234,21.38920021057129,20.436969757080078,0,0
2025-01-28,21.659400939941406,20.7283992767334,21.66830062866211,20.77273941040039,21.398300170898438,20.52100944519043,21.654199600219727,20.7283992767334,0,0
2025-01-29,21.42889976501465,20.540000915527344,21.481199264526367,20.659799575805664,21.260900497436523,20.463899612426758,21.428600311279297,20.540000915527344,0,0
2025-01-30,21.37529945373535,20.501800537109375,21.4507999420166,20.53554916381836,21.27090072631836,20.39940071105957,21.37220001220703,20.501800537109375,0,0
2025-01-31,21.493799209594727,20.674470901489258,21.52869987487793,20.743419647216797,21.410900115966797,20.570999145507812,21.494300842285156,20.674470901489258,0,0
2025-02-03,21.692899703979492,21.16939926147461,21.771900177001953,21.287729263305664,21.04829978942871,20.41444969177246,21.68429946899414,21.16939926147461,0,0
2025-02-04,21.05150032043457,20.385129928588867,21.244600296020508,20.508699417114258,20.955299377441406,20.31089973449707,21.053199768066406,20.385129928588867,0,0
2025-02-05,21.275400161743164,20.512420654296875,21.577299118041992,20.70343017578125,21.235200881958008,20.456199645996094,21.27400016784668,20.512420654296875,0,0
2025-02-06,21.396900177001953,20.573720932006836,21.43280029296875,20.647850036621094,21.228200912475586,20.468000411987305,21.397899627685547,20.573720932006836,0,0
2025-02-07,21.23900032043457,20.44339942932129,21.355499267578125,20.619619369506836,21.213899612426758,20.41790008544922,21.239099502563477,20.44339942932129,0,0
2025-02-10,21.2406005859375,20.600309371948242,21.342599868774414,20.696269989013672,21.19598960876465,20.5403995513916,21.23590087890625,20.600309371948242,0,0
2025-02-11,21.244489669799805,20.624610900878906,21.310800552368164,20.655960083007812,21.230499267578125,20.524900436401367,21.243179321289062,20.624610900878906,0,0
2025-02-12,21.292800903320312,20.546720504760742,21.35740089416504,20.6224308013916,21.220399856567383,20.464399337768555,21.29170036315918,20.546720504760742,0,0
2025-02-13,21.346799850463867,20.543489456176758,21.457700729370117,20.64215087890625,21.3435001373291,20.46660041809082,21.34440040588379,20.543489456176758,0,0
2025-02-14,21.355100631713867,20.415189743041992,21.373699188232422,20.433530807495117,21.268999099731445,20.25029945373535,21.360700607299805,20.415189743041992,0,0
2025-02-17,21.304399490356445,20.312389373779297,21.40205955505371,20.422090530395508,21.24679946899414,20.262800216674805,21.301599502563477,20.312389373779297,0,0
2025-02-18,21.265600204467773,20.272600173950195,21.292699813842773,20.332679748535156,21.104000091552734,20.20050048828125,21.26650047302246,20.272600173950195,0,0
2025-02-19,21.153900146484375,20.23780059814453,21.310699462890625,20.456600189208984,21.097400665283203,20.18869972229004,21.157499313354492,20.23780059814453,0,0
2025-02-20,21.321430206298828,20.45240020751953,21.363800048828125,20.46773910522461,21.228300094604492,20.33169937133789,21.323209762573242,20.45240020751953,0,0
2025-02-21,21.322599411010742,20.29400062561035,21.33300018310547,20.360300064086914,21.236400604248047,20.287599563598633,21.322799682617188,20.29400062561035,0,0
2025-02-24,21.348400115966797,20.382829666137695,21.455299377441406,20.513349533081055,21.349700927734375,20.34493064880371,21.35070037841797,20.382829666137695,0,0
2025-02-25,21.423599243164062,20.48111915588379,21.55190086364746,20.531869888305664,21.383800506591797,20.38920021057129,21.425100326538086,20.48111915588379,0,0
2025-02-26,21.521499633789062,20.457509994506836,21.55139923095703,20.545330047607422,21.426700592041016,20.398399353027344,21.520700454711914,20.457509994506836,0,0
2025-02-27,21.40169906616211,20.394800186157227,21.434799194335938,20.542490005493164,21.26799964904785,20.34980010986328,21.403499603271484,20.394800186157227,0,0
2025-02-28,21.27549934387207,20.457599639892578,21.372499465942383,20.54450035095215,21.197900772094727,20.371000289916992,21.275800704956055,20.457599639892578,0,0
2025-03-03,21.36389923095703,20.514450073242188,21.48590087890625,20.53388023376465,21.283100128173828,20.380470275878906,21.366300582885742,20.514450073242188,0,0
2025-03-04,21.738500595092773,20.72570037841797,22.114700317382812,20.98274040222168,21.720399856567383,20.690000534057617,21.743900299072266,20.72570037841797,0,0
2025-03-05,21.822999954223633,20.530500411987305,22.0664005279541,20.660490036010742,21.796499252319336,20.350099563598633,21.818099975585938,20.530500411987305,0,0
2025-03-06,22.022300720214844,20.402780532836914,22.117639541625977,20.493839263916016,21.90839958190918,20.211339950561523,22.02389907836914,20.402780532836914,0,0
2025-03-07,21.87220001220703,20.27794075012207,22.072799682617188,20.3314208984375,21.865999221801758,20.216699600219727,21.871999740600586,20.27794075012207,0,0
2025-03-10,22.002199172973633,20.26021957397461,22.010499954223633,20.299579620361328,21.887800216674805,20.1737003326416,22.006099700927734,20.26021957397461,0,0
2025-03-11,22.05699920654297,20.35137939453125,22.24880027770996,20.39715003967285,22.05430030822754,20.283000946044922,22.05430030822754,20.35137939453125,0,0
2025-03-12,22.121299743652344,20.270299911499023,22.12540054321289,20.300060272216797,21.975099563598633,20.152099609375,22.120800018310547,20.270299911499023,0,0
2025-03-13,21.959699630737305,20.17443084716797,21.988000869750977,20.19556999206543,21.770000457763672,20.049699783325195,21.958999633789062,20.17443084716797,0,0
2025-03-14,21.799100875854492,20.082849502563477,21.85140037536621,20.11764907836914,21.581300735473633,19.83970069885254,21.79680061340332,20.082849502563477,0,0
2025-03-17,21.679399490356445,19.92527961730957,21.73699951171875,19.956369400024414,21.653600692749023,19.853099822998047,21.677000045776367,19.92527961730957,0,0
2025-03-18,21.787500381469727,19.95507049560547,21.919200897216797,20.092029571533203,21.76569938659668,19.905099868774414,21.78809928894043,19.95507049560547,0,0
2025-03-19,21.773399353027344,19.904159545898438,21.83300018310547,20.0660400390625,21.717899322509766,19.889699935913086,21.773000717163086,19.904159545898438,0,0
2025-03-20,21.85930061340332,20.0231990814209,21.930700302124023,20.258190155029297,21.797800064086914,20.014299392700195,21.860700607299805,20.0231990814209,0,0
2025-03-21,21.86479949951172,20.127500534057617,21.9606990814209,20.27294921875,21.815500259399414,20.118160247802734,21.862499237060547,20.127500534057617,0,0
2025-03-24,21.897300720214844,20.21017074584961,21.939699172973633,20.238540649414062,21.680099487304688,20.07415008544922,21.899499893188477,20.21017074584961,0,0
2025-03-25,21.6466007232666,20.037870407104492,21.699199676513672,20.078899383544922,21.58159065246582,19.95737075805664,21.645099639892578,20.037870407104492,0,0
2025-03-26,21.620899200439453,20.031999588012695,21.762399673461914,20.165159225463867,21.61669921875,20.03190040588379,21.622900009155273,20.031999588012695,0,0
2025-03-27,21.758100509643555,20.257049560546875,21.98390007019043,20.3631591796875,21.69260025024414,20.123170852661133,21.758699417114258,20.257049560546875,0,0
2025-03-28,21.918399810791016,20.281999588012695,22.145299911499023,20.452749252319336,21.840099334716797,20.25950050354004,21.916900634765625,20.281999588012695,0,0
2025-03-31,22.057600021362305,20.380090713500977,22.148500442504883,20.468740463256836,21.992000579833984,20.321399688720703,22.060100555419922,20.380090713500977,0,0
2025-04-01,22.1481990814209,20.474029541015625,22.18400001525879,20.540449142456055,21.94930076599121,20.319679260253906,22.14620018005371,20.474029541015625,0,0
2025-04-02,21.94300079345703,20.328340530395508,22.2874698638916,20.50882911682129,21.939199447631836,20.303199768066406,21.947900772094727,20.328340530395508,0,0
2025-04-03,22.101299285888672,20.25830078125,22.292299270629883,20.277910232543945,22.00950050354004,19.839099884033203,22.099599838256836,20.25830078125,0,0
2025-04-04,22.010499954223633,19.93221092224121,22.584400177001953,20.553800582885742,22.00200080871582,19.89259910583496,22.02869987487793,19.93221092224121,0,0
2025-04-07,22.6560001373291,20.621700286865234,22.924699783325195,20.80340003967285,22.484100341796875,20.508329391479492,22.642799377441406,20.621700286865234,0,0
2025-04-08,22.587200164794922,20.696550369262695,22.65730094909668,20.711610794067383,22.367900848388672,20.475820541381836,22.616500854492188,20.696550369262695,0,0
2025-04-09,22.877599716186523,20.836240768432617,23.33300018310547,21.076120376586914,22.850099563598633,20.742700576782227,22.886199951171875,20.836240768432617,0,0
2025-04-10,22.265199661254883,20.33354949951172,23.01259994506836,20.571269989013672,22.262800216674805,20.269899368286133,22.269800186157227,20.33354949951172,0,0
2025-04-11,23.182899475097656,20.594459533691406,23.51289939880371,20.617149353027344,22.999069213867188,20.285499572753906,23.192899703979492,20.594459533691406,0,0
2025-04-14,22.998699188232422,20.276779174804688,23.121200561523438,20.29400062561035,22.681299209594727,20.01420021057129,23.001300811767578,20.276779174804688,0,0
2025-04-15,22.779600143432617,20.07990074157715,22.816999435424805,20.105560302734375,22.52790069580078,19.919599533081055,22.76300048828125,20.07990074157715,0,0
2025-04-16,22.725900650024414,20.125429153442383,22.882299423217773,20.12955093383789,22.685300827026367,19.95669937133789,22.728599548339844,20.125429153442383,0,0
2025-04-17,22.70829963684082,19.915300369262695,22.706499099731445,19.949190139770508,22.496000289916992,19.789400100708008,22.706499099731445,19.915300369262695,0,0
2025-04-22,22.694000244140625,19.70330047607422,22.700599670410156,19.719860076904297,22.404399871826172,19.55579948425293,22.693599700927734,19.70330047607422,0,0
2025-04-23,22.261899948120117,19.615190505981445,22.412399291992188,19.668659210205078,22.181499481201172,19.48740005493164,22.263200759887695,19.615190505981445,0,0
2025-04-24,22.227800369262695,19.624399185180664,22.308000564575195,19.63330078125,22.21500015258789,19.54669952392578,22.23240089416504,19.624399185180664,0,0
2025-04-25,22.28619956970215,19.600000381469727,22.347700119018555,19.68486976623535,22.177099227905273,19.529399871826172,22.28820037841797,19.600000381469727,0,0
2025-04-28,22.157400131225586,19.535160064697266,22.312000274658203,19.583890914916992,22.117300033569336,19.475400924682617,22.163299560546875,19.535160064697266,0,0
2025-04-29,22.341100692749023,19.57309913635254,22.371000289916992,19.64841079711914,22.27090072631836,19.544200897216797,22.341800689697266,19.57309913635254,0,0
2025-04-30,22.268199920654297,19.540199279785156,22.32859992980957,19.6488094329834,22.179800033569336,19.50589942932129,22.272199630737305,19.540199279785156,0,0
2025-05-01,22.19580078125,19.589000701904297,22.2632999420166,19.6783504486084,22.084699630737305,19.58139991760254,22.202800750732422,19.589000701904297,0,0
2025-05-02,22.140600204467773,19.600889205932617,22.340900421142578,19.69179916381836,22.093299865722656,19.536399841308594,22.14080047607422,19.600889205932617,0,0
2025-05-05,22.202299118041992,19.610090255737305,22.28339958190918,19.641700744628906,22.135299682617188,19.537500381469727,22.20330047607422,19.610090255737305,0,0
2025-05-06,22.268600463867188,19.673200607299805,22.446800231933594,19.777299880981445,22.234699249267578,19.66790008544922,22.265399932861328,19.673200607299805,0,0
2025-05-07,22.28059959411621,19.644620895385742,22.3523006439209,19.676340103149414,22.211000442504883,19.564899444580078,22.273099899291992,19.644620895385742,0,0
2025-05-08,22.158920288085938,19.60308074951172,22.186500549316406,19.62063980102539,21.989099502563477,19.503000259399414,22.156400680541992,19.60308074951172,0,0
2025-05-09,21.91819953918457,19.518699645996094,22.000200271606445,19.543359756469727,21.884300231933594,19.462299346923828,21.924400329589844,19.518699645996094,0,0
2025-05-12,21.83099937438965,19.441640853881836,21.890499114990234,19.663049697875977,21.64859962463379,19.416200637817383,21.826799392700195,19.441640853881836,0,0
2025-05-13,21.768199920654297,19.60740089416504,21.807100296020508,19.641300201416016,21.69540023803711,19.413400650024414,21.76919937133789,19.60740089416504,0,0
2025-05-14,21.70330047607422,19.39310073852539,21.79520034790039,19.421159744262695,21.668500900268555,19.29170036315918,21.706899642944336,19.39310073852539,0,0
2025-05-15,21.673500061035156,19.383060455322266,21.798999786376953,19.498580932617188,21.611299514770508,19.31369972229004,21.67169952392578,19.383060455322266,0,0
2025-05-16,21.805700302124023,19.471399307250977,21.898799896240234,19.56089973449707,21.747900009155273,19.423200607299805,21.80470085144043,19.471399307250977,0,0
2025-05-19,21.761199951171875,19.451169967651367,21.969600677490234,19.48402976989746,21.728900909423828,19.345699310302734,21.76569938659668,19.451169967651367,0,0
2025-05-20,21.673799514770508,19.284900665283203,21.76959991455078,19.32585906982422,21.631999969482422,19.24329948425293,21.672500610351562,19.284900665283203,0,0
2025-05-21,21.749900817871094,19.269319534301758,21.961299896240234,19.371749877929688,21.743600845336914,19.2460994720459,21.752300262451172,19.269319534301758,0,0
2025-05-22,21.943099975585938,19.36680030822754,21.983600616455078,19.45439910888672,21.792400360107422,19.308900833129883,21.946500778198242,19.36680030822754,0,0
2025-05-23,21.795700073242188,19.32110023498535,21.94610023498535,19.372140884399414,21.7898006439209,19.240299224853516,21.798999786376953,19.32110023498535,0,0
2025-05-26,21.851499557495117,19.20479965209961,21.92169952392578,19.245880126953125,21.813600540161133,19.174400329589844,21.85580062866211,19.20479965209961,0,0
2025-05-27,21.9143009185791,19.245559692382812,21.936399459838867,19.282690048217773,21.760499954223633,19.17639923095703,21.917200088500977,19.245559692382812,0,0
2025-05-28,21.839099884033203,19.252700805664062,21.924699783325195,19.41781997680664,21.778400421142578,19.24519920349121,21.842199325561523,19.252700805664062,0,0
2025-05-29,21.774499893188477,19.385150909423828,22.00149917602539,19.41510009765625,21.758100509643555,19.297100067138672,21.771799087524414,19.385150909423828,0,0
2025-05-30,21.969999313354492,19.300100326538086,22.046850204467773,19.416400909423828,21.83300018310547,19.243200302124023,21.968599319458008,19.300100326538086,0,0
2025-06-02,22.05739974975586,19.422500610351562,22.13330078125,19.43115997314453,21.905099868774414,19.187400817871094,22.059200286865234,19.422500610351562,0,0
2025-06-03,21.993099212646484,19.19219970703125,21.995100021362305,19.270750045776367,21.87619972229004,19.18899917602539,21.993600845336914,19.19219970703125,0,0
2025-06-04,21.8976993560791,19.224300384521484,21.94890022277832,19.24264907836914,21.848600387573242,19.151500701904297,21.896799087524414,19.224300384521484,0,0
2025-06-05,21.927600860595703,19.199350357055664,22.021299362182617,19.22197914123535,21.893400192260742,19.136699676513672,21.92690086364746,19.199350357055664,0,0
2025-06-06,21.9330997467041,19.151159286499023,21.938199996948242,19.21445083618164,21.77560043334961,19.094650268554688,21.932100296020508,19.151159286499023,0,0
2025-06-09,21.783300399780273,19.09762954711914,21.821699142456055,19.10650062561035,21.714799880981445,19.034400939941406,21.784099578857422,19.09762954711914,0,0
2025-06-10,21.76609992980957,19.037799835205078,21.806400299072266,19.095399856567383,21.697099685668945,19.018199920654297,21.763900756835938,19.037799835205078,0,0
2025-06-11,21.79640007019043,19.058759689331055,21.79490089416504,19.06587028503418,21.648799896240234,18.841949462890625,21.79490089416504,19.058759689331055,0,0
2025-06-12,21.747900009155273,18.897050857543945,21.964799880981445,18.973859786987305,21.745100021362305,18.84630012512207,21.75040054321289,18.897050857543945,0,0
2025-06-13,21.902799606323242,18.883209228515625,22.023700714111328,19.098960876464844,21.826799392700195,18.871700286865234,21.912799835205078,18.883209228515625,0,0
2025-06-16,21.861099243164062,18.947799682617188,21.922800064086914,18.971450805664062,21.833799362182617,18.81049919128418,21.86520004272461,18.947799682617188,0,0
2025-06-17,21.85700035095215,18.923349380493164,21.94729995727539,18.988449096679688,21.850000381469727,18.908199310302734,21.855899810791016,18.923349380493164,0,0
2025-06-18,21.837099075317383,19.019420623779297,21.90169906616211,19.021299362182617,21.799699783325195,18.937999725341797,21.831199645996094,19.019420623779297,0,0
2025-06-19,21.825599670410156,19.00749969482422,21.927799224853516,19.114299774169922,21.81839942932129,19.013399124145508,21.82509994506836,19.00749969482422,0,0
2025-06-20,21.903799057006836,19.02050018310547,22.063899993896484,19.14514923095703,21.882400512695312,18.993900299072266,21.906299591064453,19.02050018310547,0,0
2025-06-23,22.100500106811523,19.210100173950195,22.175600051879883,19.281850814819336,22.023000717163086,19.13629913330078,22.1117000579834,19.210100173950195,0,0
2025-06-24,22.13290023803711,19.071199417114258,22.13559913635254,19.087980270385742,22.02280044555664,18.93899917602539,22.131900787353516,19.071199417114258,0,0
2025-06-25,22.050199508666992,18.99176025390625,22.071800231933594,19.027050018310547,21.96969985961914,18.898799896240234,22.050500869750977,18.99176025390625,0,0
2025-06-26,22.091800689697266,18.89859962463379,22.17329978942871,18.935380935668945,22.055299758911133,18.833099365234375,22.09480094909668,18.89859962463379,0,0
2025-06-27,22.070999145507812,18.87881088256836,22.155000686645508,18.89636993408203,22.042299270629883,18.796600341796875,22.07509994506836,18.87881088256836,0,0
2025-06-30,22.054500579833984,18.7992000579834,22.1781005859375,18.89592933654785,22.03809928894043,18.78499984741211,22.056699752807617,18.7992000579834,0,0
2025-07-01,22.099700927734375,18.738000869750977,22.124500274658203,18.75840950012207,21.993099212646484,18.65060043334961,22.100299835205078,18.738000869750977,0,0
2025-07-02,22.120649337768555,18.737899780273438,22.12929916381836,18.8116397857666,22.02090072631836,18.70680046081543,22.118799209594727,18.737899780273438,0,0
2025-07-03,22.154399871826172,18.763700485229492,22.18939971923828,18.82196044921875,21.918800354003906,18.643199920654297,22.154399871826172,18.763700485229492,0,0
2025-07-04,21.946199417114258,18.645910263061523,21.97599983215332,18.66819953918457,21.90410041809082,18.60379981994629,21.943500518798828,18.645910263061523,0,0
2025-07-07,21.917699813842773,18.60633087158203,22.002599716186523,18.765600204467773,21.87689971923828,18.590599060058594,21.920700073242188,18.60633087158203,0,0
2025-07-08,21.878700256347656,18.643329620361328,21.915300369262695,18.7226505279541,21.826000213623047,18.597700119018555,21.880300521850586,18.643329620361328,0,0
2025-07-09,21.81999969482422,18.612340927124023,21.82550048828125,18.623760223388672,21.720699310302734,18.540300369262695,21.820600509643555,18.612340927124023,0,0
2025-07-10,21.84469985961914,18.623769760131836,21.900299072265625,18.700050354003906,21.75909996032715,18.58289909362793,21.8439998626709,18.623769760131836,0,0
2025-07-11,21.76449966430664,18.601259231567383,21.915599822998047,18.74519920349121,21.75749969482422,18.600860595703125,21.767099380493164,18.601259231567383,0,0
2025-07-14,21.793899536132812,18.65760040283203,21.94379997253418,18.773170471191406,21.793899536132812,18.641300201416016,21.795900344848633,18.65760040283203,0,0
2025-07-15,21.870899200439453,18.748369216918945,21.886999130249023,18.810609817504883,21.777000427246094,18.644699096679688,21.866199493408203,18.748369216918945,0,0
2025-07-16,21.822399139404297,18.80171012878418,21.883100509643555,18.845149993896484,21.715599060058594,18.67966079711914,21.825700759887695,18.80171012878418,0,0
2025-07-17,21.780500411987305,18.718759536743164,21.823299407958984,18.835599899291992,21.724899291992188,18.716299057006836,21.780099868774414,18.718759536743164,0,0
2025-07-18,21.780099868774414,18.752620697021484,21.829700469970703,18.764150619506836,21.77750015258789,18.67919921875,21.78019905090332,18.752620697021484,0,0
2025-07-21,21.766000747680664,18.705299377441406,21.831100463867188,18.73419952392578,21.73780059814453,18.61549949645996,21.766599655151367,18.705299377441406,0,0
2025-07-22,21.829599380493164,18.656099319458008,21.862199783325195,18.697830200195312,21.787900924682617,18.591249465942383,21.828500747680664,18.656099319458008,0,0
2025-07-23,21.88479995727539,18.643930435180664,21.9064998626709,18.683300018310547,21.786399841308594,18.566499710083008,21.885900497436523,18.643930435180664,0,0
2025-07-24,21.823400497436523,18.53668975830078,21.880699157714844,18.58793067932129,21.78339958190918,18.516700744628906,21.823699951171875,18.53668975830078,0,0
2025-07-25,21.791900634765625,18.538549423217773,21.804500579833984,18.589399337768555,21.725900650024414,18.50979995727539,21.79319953918457,18.538549423217773,0,0
2025-07-28,21.761999130249023,18.50309944152832,21.78660011291504,18.74176025390625,21.663999557495117,18.49690055847168,21.766700744628906,18.50309944152832,0,0
2025-07-29,21.752099990844727,18.746999740600586,21.770599365234375,18.83245086669922,21.642900466918945,18.747900009155273,21.751300811767578,18.746999740600586,0,0
2025-07-30,21.65239906311035,18.747159957885742,21.6781005859375,18.8458309173584,21.550600051879883,18.68779945373535,21.656999588012695,18.747159957885742,0,0
2025-07-31,21.533700942993164,18.842899322509766,21.594100952148438,18.90239906311035,21.478099822998047,18.758699417114258,21.537399291992188,18.842899322509766,0,0
2025-08-01,21.54840087890625,18.86471939086914,21.878999710083008,18.977649688720703,21.530000686645508,18.748350143432617,21.546899795532227,18.86471939086914,0,0
2025-08-04,21.85810089111328,18.868009567260742,21.862499237060547,18.8974609375,21.736000061035156,18.75320053100586,21.862499237060547,18.868009567260742,0,0
2025-08-05,21.87339973449707,18.871400833129883,21.87579917907715,18.942440032958984,21.726999282836914,18.757600784301758,21.871299743652344,18.871400833129883,0,0
2025-08-06,21.689300537109375,18.733230590820312,21.749399185180664,18.739349365234375,21.609600067138672,18.56760025024414,21.68899917602539,18.733230590820312,0,0
2025-08-07,21.6919002532959,18.60154914855957,21.77400016784668,18.728660583496094,21.667600631713867,18.571460723876953,21.69260025024414,18.60154914855957,0,0
2025-08-08,21.725299835205078,18.60795021057129,21.731800079345703,18.63960075378418,21.60260009765625,18.510400772094727,21.7283992767334,18.60795021057129,0,0
2025-08-11,21.643199920654297,18.582210540771484,21.691499710083008,18.69127082824707,21.6205997467041,18.55451011657715,21.644800186157227,18.582210540771484,0,0
2025-08-12,21.686899185180664,18.656200408935547,21.721900939941406,18.682979583740234,21.64579963684082,18.524999618530273,21.68600082397461,18.656200408935547,0,0
2025-08-13,21.699499130249023,18.572799682617188,21.85740089416504,18.662050247192383,21.691600799560547,18.50909996032715,21.701400756835938,18.572799682617188,0,0
2025-08-14,21.822099685668945,18.619300842285156,21.937400817871094,18.833070755004883,21.782100677490234,18.615400314331055,21.82069969177246,18.619300842285156,0,0
2025-08-15,21.903499603271484,18.801259994506836,21.927400588989258,18.805160522460938,21.85610008239746,18.66699981689453,21.902700424194336,18.801259994506836,0,0
2025-08-18,21.917150497436523,18.72348976135254,22.01922035217285,18.864839553833008,21.902299880981445,18.704999923706055,21.916000366210938,18.72348976135254,0,0
2025-08-19,21.90880012512207,18.765499114990234,22.019399642944336,18.862829208374023,21.877700805664062,18.762699127197266,21.90690040588379,18.765499114990234,0,0
2025-08-20,21.908599853515625,18.818700790405273,21.944299697875977,18.842599868774414,21.858999252319336,18.730899810791016,21.910900115966797,18.818700790405273,0,0
2025-08-21,21.867780685424805,18.768699645996094,21.909700393676758,18.80916976928711,21.766799926757812,18.72719955444336,21.869199752807617,18.768699645996094,0,0
2025-08-22,21.75779914855957,18.736299514770508,21.800500869750977,18.77199935913086,21.69499969482422,18.566099166870117,21.75510025024414,18.736299514770508,0,0
2025-08-25,21.769100189208984,18.59326934814453,21.819589614868164,18.652700424194336,21.69809913635254,18.552349090576172,21.76889991760254,18.59326934814453,0,0
2025-08-26,21.700000762939453,18.683229446411133,21.794700622558594,18.70039939880371,21.683589935302734,18.608299255371094,21.70439910888672,18.683229446411133,0,0
2025-08-27,21.715499877929688,18.6585693359375,21.78420066833496,18.793949127197266,21.673799514770508,18.641000747680664,21.71430015563965,18.6585693359375,0,0
2025-08-28,21.722700119018555,18.651199340820312,21.799840927124023,18.6866397857666,21.684900283813477,18.59600067138672,21.72100067138672,18.651199340820312,0,0
2025-08-29,21.785600662231445,18.650239944458008,21.849409103393555,18.715150833129883,21.7539005279541,18.630300521850586,21.78660011291504,18.650239944458008,0,0
2025-09-01,21.812400817871094,18.65846061706543,21.854999542236328,18.666749954223633,21.77899932861328,18.587299346923828,21.810260772705078,18.65846061706543,0,0
2025-09-02,21.84670066833496,18.648099899291992,21.906999588012695,18.85593032836914,21.80699920654297,18.63920021057129,21.846799850463867,18.648099899291992,0,0
2025-09-03,21.78730010986328,18.728700637817383,21.82221031188965,18.77669906616211,21.758769989013672,18.656600952148438,21.786399841308594,18.728700637817383,0,0
2025-09-04,21.810400009155273,18.706600189208984,21.889219284057617,18.79850959777832,21.798500061035156,18.69230079650879,21.813400268554688,18.706600189208984,0,0
2025-09-05,21.827499389648438,18.725799560546875,22.003429412841797,18.7322998046875,21.81089973449707,18.58264923095703,21.82740020751953,18.725799560546875,0,0
2025-09-08,21.932199478149414,18.726360321044922,21.950040817260742,18.73457908630371,21.87470054626465,18.63035011291504,21.933000564575195,18.726360321044922,0,0
2025-09-09,21.950300216674805,18.652870178222656,21.954299926757812,18.653139114379883,21.832799911499023,18.577699661254883,21.949100494384766,18.652870178222656,0,0
2025-09-10,21.79439926147461,18.62350082397461,21.83296012878418,18.647560119628906,21.767099380493164,18.562599182128906,21.79520034790039,18.62350082397461,0,0
2025-09-11,21.758899688720703,18.580799102783203,21.81563949584961,18.651639938354492,21.725299835205078,18.506999969482422,21.757200241088867,18.580799102783203,0,0
2025-09-12,21.667600631713867,18.45400047302246,21.698570251464844,18.511709213256836,21.642799377441406,18.447599411010742,21.665800094604492,18.45400047302246,0,0
2025-09-15,21.629499435424805,18.446989059448242,21.676530838012695,18.451799392700195,21.572099685668945,18.332849502563477,21.631099700927734,18.446989059448242,0,0
2025-09-16,21.59869956970215,18.361520767211914,21.749589920043945,18.384950637817383,21.590900421142578,18.275609970092773,21.595300674438477,18.361520767211914,0,0
2025-09-17,21.702999114990234,18.28580093383789,21.741619110107422,18.349639892578125,21.635000228881836,18.259599685668945,21.711999893188477,18.28580093383789,0,0
2025-09-18,21.64859962463379,18.30780029296875,21.653900146484375,18.38266944885254,21.520769119262695,18.221599578857422,21.647600173950195,18.30780029296875,0,0
2025-09-19,21.649499893188477,18.364200592041016,21.66278076171875,18.465309143066406,21.561599731445312,18.331899642944336,21.649200439453125,18.364200592041016,0,0
2025-09-22,21.617000579833984,18.42020034790039,21.700729370117188,18.43709945678711,21.594900131225586,18.340940475463867,21.616199493408203,18.42020034790039,0,0
2025-09-23,21.66360092163086,18.357690811157227,21.691200256347656,18.382850646972656,21.59079933166504,18.291900634765625,21.663000106811523,18.357690811157227,0,0
2025-09-24,21.6737003326416,18.346500396728516,21.676660537719727,18.45046043395996,21.57939910888672,18.328399658203125,21.676660537719727,18.346500396728516,0,0
2025-09-25,21.63050079345703,18.418739318847656,21.664859771728516,18.497610092163086,21.509300231933594,18.388099670410156,21.62540054321289,18.418739318847656,0,0
2025-09-26,21.557130813598633,18.484119415283203,21.590139389038086,18.50904083251953,21.451120376586914,18.334880828857422,21.553300857543945,18.484119415283203,0,0
2025-09-29,21.488800048828125,18.358549118041992,21.53742027282715,18.36479949951172,21.467599868774414,18.28499984741211,21.48889923095703,18.358549118041992,0,0
2025-09-30,21.53689956665039,18.358999252319336,21.56279945373535,18.378400802612305,21.496700286865234,18.30660057067871,21.535499572753906,18.358999252319336,0,0
2025-10-01,21.491500854492188,18.31382942199707,21.54751968383789,18.364730834960938,21.41230010986328,18.242019653320312,21.490100860595703,18.31382942199707,0,0
2025-10-02,21.568899154663086,18.382360458374023,21.667200088500977,18.51255989074707,21.55579948425293,18.326900482177734,21.56839942932129,18.382360458374023,0,0
2025-10-03,21.60070037841797,18.41200065612793,21.632020950317383,18.434219360351562,21.563899993896484,18.360000610351562,21.59830093383789,18.41200065612793,0,0
2025-10-06,21.587299346923828,18.433330535888672,21.599000930786133,18.486169815063477,21.4773006439209,18.339500427246094,21.58799934387207,18.433330535888672,0,0
2025-10-07,21.47249984741211,18.337589263916016,21.473499298095703,18.412710189819336,21.386899948120117,18.31460952758789,21.473100662231445,18.337589263916016,0,0
2025-10-08,21.4281005859375,18.388530731201172,21.427799224853516,18.43301010131836,21.29010009765625,18.32379913330078,21.425800323486328,18.388530731201172,0,0
2025-10-09,21.321229934692383,18.334150314331055,21.34095001220703,18.409000396728516,21.239200592041016,18.293500900268555,21.321699142456055,18.334150314331055,0,0
2025-10-10,21.262100219726562,18.38343048095703,21.594810485839844,18.583799362182617,21.246000289916992,18.351200103759766,21.259599685668945,18.38343048095703,0,0
2025-10-13,21.48883056640625,18.522390365600586,21.49530029296875,18.54068946838379,21.297210693359375,18.404800415039062,21.490299224853516,18.522390365600586,0,0
2025-10-14,21.349199295043945,18.45829963684082,21.51930046081543,18.626190185546875,21.329299926757812,18.435199737548828,21.348499298095703,18.45829963684082,0,0
2025-10-15,21.469270706176758,18.504369735717773,21.518709182739258,18.504589080810547,21.42799949645996,18.426300048828125,21.46780014038086,18.504369735717773,0,0
2025-10-16,21.50503921508789,18.45509910583496,21.544700622558594,18.47085952758789,21.425800323486328,18.34510040283203,21.50670051574707,18.45509910583496,0,0
2025-10-17,21.561100006103516,18.430299758911133,21.702299118041992,18.5492000579834,21.4949893951416,18.403799057006836,21.56501007080078,18.430299758911133,0,0
2025-10-20,21.408899307250977,18.364700317382812,21.463600158691406,18.412830352783203,21.38170051574707,18.3439998626709,21.408489227294922,18.364700317382812,0,0
2025-10-21,21.423500061035156,18.399370193481445,21.484800338745117,18.484500885009766,21.366300582885742,18.376699447631836,21.42020034790039,18.399370193481445,0,0
2025-10-22,21.384300231933594,18.434099197387695,21.400299072265625,18.433700561523438,21.29680061340332,18.367450714111328,21.38170051574707,18.434099197387695,0,0
2025-10-23,21.40369987487793,18.43950080871582,21.404800415039062,18.45009994506836,21.336519241333008,18.382600784301758,21.401500701904297,18.43950080871582,0,0
2025-10-24,21.369300842285156,18.393600463867188,21.39324951171875,18.41550064086914,21.340469360351562,18.341299057006836,21.368200302124023,18.393600463867188,0,0
2025-10-27,21.422399520874023,18.418739318847656,21.45840072631836,18.446199417114258,21.36319923400879,18.35449981689453,21.42490005493164,18.418739318847656,0,0
2025-10-28,21.42449951171875,18.38932991027832,21.507299423217773,18.45924949645996,21.417299270629883,18.37220001220703,21.426599502563477,18.38932991027832,0,0
2025-10-29,21.4778995513916,18.425260543823242,21.493600845336914,18.45941925048828,21.43090057373047,18.395099639892578,21.478500366210938,18.425260543823242,0,0
2025-10-30,21.43950080871582,18.465700149536133,21.51494026184082,18.602230072021484,21.425399780273438,18.439599990844727,21.433610916137695,18.465700149536133,0,0
2025-10-31,21.435869216918945,18.525400161743164,21.478300094604492,18.59433937072754,21.394750595092773,18.50860023498535,21.439899444580078,18.525400161743164,0,0
2025-11-03,21.387500762939453,18.554079055786133,21.408390045166016,18.563499450683594,21.26675033569336,18.464799880981445,21.39189910888672,18.554079055786133,0,0
2025-11-04,21.29969024658203,18.491670608520508,21.458419799804688,18.66107940673828,21.27519989013672,18.482099533081055,21.296499252319336,18.491670608520508,0,0
2025-11-05,21.45892906188965,18.675500869750977,21.558799743652344,18.768699645996094,21.339210510253906,18.580799102783203,21.462400436401367,18.675500869750977,0,0
2025-11-06,21.37179946899414,18.590700149536133,21.524320602416992,18.655860900878906,21.36910057067871,18.546899795532227,21.371299743652344,18.590700149536133,0,0
2025-11-07,21.443199157714844,18.556299209594727,21.484909057617188,18.585100173950195,21.385700225830078,18.47100067138672,21.44230079650879,18.556299209594727,0,0
2025-11-10,21.289199829101562,18.443740844726562,21.311800003051758,18.449199676513672,21.227800369262695,18.356599807739258,21.304380416870117,18.4424991607666,0,0
2025-11-11,21.239599227905273,18.378599166870117,21.305200576782227,18.39579963684082,21.223800659179688,18.306800842285156,21.239200592041016,18.37849998474121,0,0
2025-11-12,21.220579147338867,18.316650390625,21.224300384521484,18.327899932861328,21.15049934387207,18.26420021057129,21.219820022583008,18.305200576782227,0,0
2025-11-13,21.211599349975586,18.287799835205078,21.288400650024414,18.308300018310547,21.190799713134766,18.241500854492188,21.21150016784668,18.299400329589844,0,0
2025-11-14,21.29829978942871,18.315000534057617,21.420560836791992,18.400070190429688,21.250499725341797,18.28420066833496,21.299800872802734,18.314800262451172,0,0
2025-11-17,21.261499404907227,18.30643081665039,21.312389373779297,18.3759708404541,21.233919143676758,18.287099838256836,21.261699676513672,18.307260513305664,0,0
2025-11-18,21.36400032043457,18.43269920349121,21.443500518798828,18.489299774169922,21.24881935119629,18.351999282836914,21.362699508666992,18.433910369873047,0,0
2025-11-19,21.23870086669922,18.34040069580078,21.257400512695312,18.36240005493164,21.13990020751953,18.298599243164062,21.23870086669922,18.340900421142578,0,0
2025-11-20,21.149799346923828,18.31679916381836,21.216779708862305,18.392850875854492,21.10930061340332,18.296600341796875,21.149200439453125,18.32939910888672,0,0
2025-11-21,21.196800231933594,18.36590003967285,21.323999404907227,18.530370712280273,21.17799949645996,18.351900100708008,21.19890022277832,18.37350082397461,0,0
2025-11-24,21.258800506591797,18.473880767822266,21.352399826049805,18.522680282592773,21.227109909057617,18.40410041809082,21.258899688720703,18.474559783935547,0,0
2025-11-25,21.3164005279541,18.493600845336914,21.393400192260742,18.52720069885254,21.284099578857422,18.409000396728516,21.318700790405273,18.506099700927734,0,0
2025-11-26,21.26180076599121,18.385700225830078,21.31130027770996,18.409000396728516,21.224899291992188,18.326400756835938,21.263599395751953,18.385400772094727,0,0
2025-11-27,21.27630043029785,18.338970184326172,21.29010009765625,18.35940933227539,21.240100860595703,18.3174991607666,21.277280807495117,18.338899612426758,0,0
2025-11-28,21.274599075317383,18.329599380493164,21.297649383544922,18.378589630126953,21.187360763549805,18.279300689697266,21.275100708007812,18.34164047241211,0,0
2025-12-01,21.21299934387207,18.284500122070312,21.292299270629883,18.31089973449707,21.20949935913086,18.243200302124023,21.213899612426758,18.285200119018555,0,0
2025-12-02,21.245800018310547,18.30590057373047,21.272350311279297,18.325180053710938,21.214500427246094,18.26650047302246,21.246599197387695,18.30514907836914,0,0
2025-12-03,21.24880027770996,18.27526092529297,21.322650909423828,18.281360626220703,21.248899459838867,18.235599517822266,21.250600814819336,18.275999069213867,0,0
2025-12-04,21.3346004486084,18.27519989013672,21.35906982421875,18.30150032043457,21.243999481201172,18.21299934387207,21.333999633789062,18.287460327148438,0,0
2025-12-05,21.22439956665039,18.218599319458008,21.247400283813477,18.231800079345703,21.14759063720703,18.141199111938477,21.226900100708008,18.230390548706055,0,0
2025-12-08,21.15089988708496,18.171600341796875,21.21154022216797,18.249149322509766,21.151599884033203,18.146299362182617,21.151599884033203,18.171199798583984,0,0
2025-12-09,21.25589942932129,18.26059913635254,21.291770935058594,18.307880401611328,21.146900177001953,18.16550064086914,21.256250381469727,18.260879516601562,0,0
2025-12-10,21.1560001373291,18.1825008392334,21.23686981201172,18.22711944580078,21.154399871826172,18.17140007019043,21.1560001373291,18.19540023803711,0,0
2025-12-11,21.244300842285156,18.157400131225586,21.30929946899414,18.220399856567383,21.18600082397461,18.025449752807617,21.246000289916992,18.15730094909668,0,0
2025-12-12,21.16710090637207,18.031539916992188,21.217090606689453,18.07135009765625,21.125900268554688,17.987300872802734,21.168880462646484,18.031400680541992,0,0
2025-12-15,21.129499435424805,18.00322914123535,21.17633056640625,18.0137996673584,21.093000411987305,17.956899642944336,21.13357925415039,18.00527000427246,0,0
2025-12-16,21.135000228881836,17.981300354003906,21.177379608154297,17.994300842285156,21.10070037841797,17.918399810791016,21.13279914855957,17.98150062561035,0,0
2025-12-17,21.108400344848633,17.956100463867188,21.198150634765625,18.04669952392578,21.03700065612793,17.943300247192383,21.10732078552246,17.965900421142578,0,0
2025-12-18,21.1481990814209,18.011760711669922,21.1560001373291,18.020999908447266,21.072799682617188,17.958099365234375,21.148300170898438,17.999900817871094,0,0
2025-12-19,21.096399307250977,17.99342918395996,21.130460739135742,18.03700065612793,21.08289909362793,17.97410011291504,21.09600067138672,17.993099212646484,0,0
2025-12-22,21.090099334716797,18.015600204467773,21.15353012084961,18.02280044555664,21.08690071105957,17.94700050354004,21.09280014038086,18.015790939331055,0,0
2025-12-23,21.147300720214844,17.964099884033203,21.180389404296875,17.976499557495117,21.087900161743164,17.909099578857422,21.142000198364258,17.975799560546875,0,0
2025-12-24,21.11669921875,17.90428924560547,21.12980079650879,17.938100814819336,21.077499389648438,17.874900817871094,21.114700317382812,17.892499923706055,0,0
2025-12-26,21.130599975585938,17.932069778442383,21.15489959716797,17.953460693359375,21.059799194335938,17.8700008392334,21.135099411010742,17.932409286499023,0,0
2025-12-29,21.064899444580078,17.896459579467773,21.162599563598633,17.965839385986328,21.043399810791016,17.870800018310547,21.06998062133789,17.897090911865234,0,0
2025-12-30,21.156299591064453,17.97216033935547,21.188499450683594,17.996400833129883,21.066999435424805,17.911500930786133,21.15690040588379,17.960100173950195,0,0
2025-12-31,21.132099151611328,17.97879981994629,21.148700714111328,18.00909996032715,21.074600219726562,17.943500518798828,21.131799697875977,17.978900909423828,0,0
2026-01-02,21.131099700927734,17.98465919494629,21.139699935913086,17.9862003326416,20.97517967224121,17.862899780273438,21.131399154663086,17.983200073242188,0,0
2026-01-05,20.964569091796875,17.91115951538086,21.07710075378418,18.03445053100586,20.922019958496094,17.866500854492188,20.966350555419922,17.912460327148438,0,0
2026-01-06,20.988300323486328,17.915700912475586,21.051410675048828,17.985689163208008,20.97800064086914,17.86009979248047,20.990100860595703,17.90489959716797,0,0
2026-01-07,21.018199920654297,17.983400344848633,21.03619956970215,17.993000030517578,20.967599868774414,17.935199737548828,21.01650047302246,17.98310089111328,0,0
2026-01-08,20.992799758911133,17.978200912475586,21.019100189208984,18.01715087890625,20.94890022277832,17.941200256347656,20.99340057373047,17.97783088684082,0,0
2026-01-09,20.95359992980957,17.962299346923828,21.00200080871582,18.039199829101562,20.899700164794922,17.949140548706055,20.95359992980957,17.96269989013672,0,0
2026-01-12,20.89109992980957,17.974109649658203,20.9591007232666,17.975400924682617,20.884199142456055,17.877700805664062,20.895099639892578,17.974199295043945,0,0
2026-01-13,20.908000946044922,17.909099578857422,20.91160011291504,17.93000030517578,20.775800704956055,17.83530044555664,20.90920066833496,17.922100067138672,0,0
2026-01-14,20.751399993896484,17.82360076904297,20.77733039855957,17.831300735473633,20.733800888061523,17.790199279785156,20.751399993896484,17.823829650878906,0,0
2026-01-15,20.72640037536621,17.785499572753906,20.729299545288086,17.833240509033203,20.488100051879883,17.65093994140625,20.725900650024414,17.796899795532227,0,0
2026-01-16,20.492700576782227,17.65329933166504,20.597000122070312,17.727699279785156,20.48200035095215,17.631000518798828,20.49679946899414,17.64900016784668,0,0
2026-01-19,20.497299194335938,17.63265037536621,20.538799285888672,17.662839889526367,20.467540740966797,17.57819938659668,20.496700286865234,17.634170532226562,0,0
2026-01-20,20.472200393676758,17.57710075378418,20.727489471435547,17.656190872192383,20.465499877929688,17.553499221801758,20.471599578857422,17.589099884033203,0,0
2026-01-21,20.643999099731445,17.591999053955078,20.640199661254883,17.605899810791016,20.391700744628906,17.416900634765625,20.63920021057129,17.590099334716797,0,0
2026-01-22,20.420299530029297,17.482500076293945,20.524099349975586,17.51194953918457,20.382600784301758,17.43470001220703,20.421100616455078,17.493900299072266,0,0
2026-01-23,20.531600952148438,17.46809959411621,20.574119567871094,17.493749618530273,20.46649932861328,17.422500610351562,20.53070068359375,17.468700408935547,0,0
2026-01-26,20.59638023376465,17.370479583740234,20.61870002746582,17.395309448242188,20.486499786376953,17.24530029296875,20.59980010986328,17.37335968017578,0,0
2026-01-27,20.61039924621582,17.35540008544922,20.657079696655273,17.358600616455078,20.562400817871094,17.20244026184082,20.60672950744629,17.356599807739258,0,0
2026-01-28,20.622299194335938,17.162500381469727,20.63279914855957,17.257299423217773,20.526060104370117,17.141010284423828,20.630399703979492,17.147600173950195,0,0
2026-01-29,20.55419921875,17.149900436401367,20.681440353393555,17.337400436401367,20.464330673217773,17.101299285888672,20.554500579833984,17.1648006439209,0,0
2026-01-30,20.611299514770508,17.22517967224121,20.660449981689453,17.3710994720459,20.55299949645996,17.20490074157715,20.614099502563477,17.22480010986328,0,0
2026-02-02,20.696449279785156,17.466890335083008,20.803800582885742,17.568479537963867,20.501079559326172,17.353410720825195,20.696800231933594,17.466480255126953,0,0
2026-02-03,20.513700485229492,17.37529945373535,20.538700103759766,17.403799057006836,20.32939910888672,17.206960678100586,20.514400482177734,17.375099182128906,0,0
2026-02-04,20.368200302124023,17.238399505615234,20.455299377441406,17.33970069885254,20.33489990234375,17.19860076904297,20.369300842285156,17.239500045776367,0,0
2026-02-05,20.44420051574707,17.32438087463379,20.578100204467773,17.463050842285156,20.417499542236328,17.284799575805664,20.445100784301758,17.312299728393555,0,0
2026-02-06,20.627300262451172,17.503599166870117,20.671499252319336,17.561100006103516,20.396909713745117,17.251399993896484,20.63170051574707,17.51888084411621,0,0
2026-02-09,20.39929962158203,17.251699447631836,20.509199142456055,17.276599884033203,20.39389991760254,17.14349937438965,20.39780044555664,17.249799728393555,0,0
2026-02-10,20.483400344848633,17.208799362182617,20.55998992919922,17.27079963684082,20.459699630737305,17.169200897216797,20.483600616455078,17.207799911499023,0,0
2026-02-11,20.443500518798828,17.183900833129883,20.490999221801758,17.26325035095215,20.396509170532227,17.122100830078125,20.4419002532959,17.195810317993164,0,0
2026-02-12,20.4197998046875,17.19301986694336,20.470029830932617,17.252220153808594,20.350099563598633,17.11720085144043,20.417499542236328,17.194719314575195,0,0
2026-02-13,20.434799194335938,17.207000732421875,20.452449798583984,17.25079917907715,20.360000610351562,17.148099899291992,20.437700271606445,17.219499588012695,0,0
2026-02-16,20.365699768066406,17.161109924316406,20.37339973449707,17.178850173950195,20.327999114990234,17.133800506591797,20.363250732421875,17.158079147338867,0,0
2026-02-17,20.343900680541992,17.166149139404297,20.37529945373535,17.232980728149414,20.2918701171875,17.145999908447266,20.34320068359375,17.165599822998047,0,0
2026-02-18,20.300899505615234,17.11840057373047,20.312999725341797,17.154930114746094,20.221200942993164,17.0718994140625,20.302200317382812,17.130800247192383,0,0
2026-02-19,20.284700393676758,17.20854949951172,20.355350494384766,17.296600341796875,20.271259307861328,17.1781005859375,20.285600662231445,17.20871925354004,0,0
2026-02-20,20.310699462890625,17.256729125976562,20.319900512695312,17.286500930786133,20.172779083251953,17.123449325561523,20.30970001220703,17.24519920349121,0,0
2026-02-23,20.233800888061523,17.09827995300293,20.351009368896484,17.240909576416016,20.22467041015625,17.099599838256836,20.231800079345703,17.103500366210938,0,0
2026-02-24,20.35449981689453,17.259559631347656,20.37849998474121,17.299419403076172,20.229450225830078,17.160539627075195,20.35194969177246,17.26020050048828,0,0
2026-02-25,20.227100372314453,17.17889976501465,20.304670333862305,17.220699310302734,20.198259353637695,17.133399963378906,20.23080062866211,17.18206024169922,0,0
2026-02-26,20.279409408569336,17.157529830932617,20.366249084472656,17.27199935913086,20.255399703979492,17.14430046081543,20.28179931640625,17.16762924194336,0,0
2026-02-27,20.302900314331055,17.202899932861328,20.36224937438965,17.251569747924805,20.261899948120117,17.155000686645508,20.30270004272461,17.202600479125977,0,0
2026-03-02,20.36280059814453,17.316999435424805,20.38279914855957,17.3966007232666,20.251399993896484,17.218399047851562,20.3700008392334,17.320999145507812,0,0
2026-03-03,20.237600326538086,17.30327033996582,20.617599487304688,17.868200302124023,20.216949462890625,17.281400680541992,20.23737907409668,17.30660057067871,0,0
2026-03-04,20.51729965209961,17.670869827270508,20.595500946044922,17.770299911499023,20.40410041809082,17.524599075317383,20.52120018005371,17.675769805908203,0,0
2026-03-05,20.46980094909668,17.593059539794922,20.5380802154541,17.758859634399414,20.413000106811523,17.56839942932129,20.473899841308594,17.598100662231445,0,0
2026-03-06,20.548500061035156,17.702600479125977,20.68691062927246,17.915599822998047,20.483800888061523,17.635700225830078,20.54589080810547,17.704530715942383,0,0
2026-03-09,20.73040008544922,17.992300033569336,20.765300750732422,18.019899368286133,20.55875015258789,17.74340057373047,20.73419952392578,17.99074935913086,0,0
2026-03-10,20.543399810791016,17.673099517822266,20.549999237060547,17.694419860839844,20.3351993560791,17.44985008239746,20.538660049438477,17.682289123535156,0,0
2026-03-11,20.428300857543945,17.589780807495117,20.469240188598633,17.675369262695312,20.368499755859375,17.514400482177734,20.424259185791016,17.590299606323242,0,0
2026-03-12,20.4822998046875,17.744600296020508,20.60580062866211,17.88896942138672,20.43899917602539,17.68021011352539,20.482419967651367,17.749799728393555,0,0
2026-03-13,20.546770095825195,17.834299087524414,20.55617904663086,17.94413948059082,20.38191032409668,17.74995994567871,20.550800323486328,17.83650016784668,0,0
2026-03-16,20.447399139404297,17.886369705200195,20.461599349975586,17.894079208374023,20.3882999420166,17.731199264526367,20.449199676513672,17.880050659179688,0,0
2026-03-17,20.347400665283203,17.6835994720459,20.441200256347656,17.735139846801758,20.318899154663086,17.603300094604492,20.34416961669922,17.697799682617188,0,0
2026-03-18,20.36989974975586,17.65298080444336,20.4165096282959,17.753469467163086,20.301599502563477,17.590499877929688,20.366300582885742,17.652870178222656,0,0
2026-03-19,20.467300415039062,17.842899322509766,20.627599716186523,17.95639991760254,20.406089782714844,17.77549934387207,20.466999053955078,17.85569953918457,0,0
2026-03-20,20.53569984436035,17.738100051879883,20.69632911682129,17.953310012817383,20.49530029296875,17.700599670410156,20.536300659179688,17.74176025390625,0,0
2026-03-23,20.73900032043457,17.938600540161133,20.7810001373291,18.08209991455078,20.516300201416016,17.691099166870117,20.72640037536621,17.926679611206055,0,0
2026-03-24,20.64430046081543,17.783649444580078,20.725400924682617,17.898700714111328,20.611169815063477,17.776540756225586,20.638959884643555,17.780630111694336,0,0
2026-03-25,20.591699600219727,17.72909927368164,20.62019920349121,17.80109977722168,20.530099868774414,17.68779945373535,20.59280014038086,17.72949981689453,0,0
2026-03-26,20.55229949951172,17.777240753173828,20.59510040283203,17.859500885009766,20.496999740600586,17.7450008392334,20.54560089111328,17.762699127197266,0,0
2026-03-27,20.65937042236328,17.91390037536621,20.856300354003906,18.095640182495117,20.64052963256836,17.869699478149414,20.662200927734375,17.913299560546875,0,0
2026-03-30,20.849300384521484,18.143220901489258,20.86949920654297,18.158000946044922,20.727100372314453,18.029800415039062,20.84170913696289,18.13736915588379,0,0
2026-03-31,20.7810001373291,18.13960075378418,20.795320510864258,18.159299850463867,20.6835994720459,17.933500289916992,20.77869987487793,18.13610076904297,0,0
2026-04-01,20.69685935974121,17.884580612182617,20.74250030517578,17.910499572753906,20.659420013427734,17.79755973815918,20.70400047302246,17.892499923706055,0,0
2026-04-02,20.65880012512207,17.823200225830078,20.706289291381836,17.958080291748047,20.587890625,17.791400909423828,20.659500122070312,17.823999404907227,0,0
2026-04-03,20.602800369262695,17.84712028503418,20.623699188232422,17.872900009155273,20.496599197387695,17.789979934692383,20.60379981994629,17.844959259033203,0,0
2026-04-06,20.580400466918945,17.880399703979492,20.577199935913086,17.874799728393555,20.519399642944336,17.748920440673828,20.577199935913086,17.874799728393555,0,0
2026-04-07,20.498559951782227,17.76650047302246,20.5757999420166,17.796300888061523,20.475339889526367,17.695100784301758,20.507299423217773,17.76930046081543,0,0
2026-04-08,20.456199645996094,17.51409912109375,20.48550033569336,17.54800033569336,20.337360382080078,17.354799270629883,20.4677791595459,17.51141929626465,0,0
2026-04-09,20.341100692749023,17.446399688720703,20.38520050048828,17.488800048828125,20.303199768066406,17.33639907836914,20.340200424194336,17.451000213623047,0,0
2026-04-10,20.30970001220703,17.371200561523438,20.338899612426758,17.40180015563965,20.2402400970459,17.249399185180664,20.304500579833984,17.37150001525879,0,0
2026-04-13,20.344900131225586,17.430500030517578,20.35650062561035,17.43950080871582,20.280399322509766,17.324800491333008,20.347700119018555,17.435699462890625,0,0
2026-04-14,20.34429931640625,17.277999877929688,20.365699768066406,17.308910369873047,20.297760009765625,17.197099685668945,20.340700149536133,17.294200897216797,0,0
2026-04-15,20.351699829101562,17.253999710083008,20.3927001953125,17.312000274658203,20.31831932067871,17.22960090637207,20.358699798583984,17.256500244140625,0,0
2026-04-16,20.354400634765625,17.243600845336914,20.362300872802734,17.2933292388916,20.325960159301758,17.20870018005371,20.36009979248047,17.243499755859375,0,0
2026-04-17,20.321300506591797,17.249399185180664,20.346500396728516,17.2549991607666,20.286699295043945,17.125240325927734,20.317399978637695,17.249799728393555,0,0
2026-04-20,20.393600463867188,17.372299194335938,20.430500030517578,17.37299919128418,20.376300811767578,17.30069923400879,20.38719940185547,17.370800018310547,0,0
2026-04-21,20.3976993560791,17.309799194335938,20.395599365234375,17.343599319458008,20.34395980834961,17.27829933166504,20.3927001953125,17.307899475097656,0,0
2026-04-22,20.335399627685547,17.32029914855957,20.34079933166504,17.345800399780273,20.2860107421875,17.26799964904785,20.335599899291992,17.31385040283203,0,0
2026-04-23,20.2987003326416,17.340700149536133,20.340200424194336,17.403600692749023,20.273319244384766,17.31839942932129,20.2987003326416,17.34160041809082,0,0
2026-04-24,20.343700408935547,17.41469955444336,20.390399932861328,17.45170021057129,20.33905029296875,17.379899978637695,20.34429931640625,17.414499282836914,0,0
2026-04-27,20.38290023803711,17.41345977783203,20.4060001373291,17.41230010986328,20.35810089111328,17.33639907836914,20.377870559692383,17.41230010986328,0,0
2026-04-28,20.367300033569336,17.37700080871582,20.406999588012695,17.46299934387207,20.349000930786133,17.358200073242188,20.370399475097656,17.36440086364746,0,0
2026-04-29,20.36949920654297,17.384599685668945,20.459169387817383,17.49920082092285,20.346189498901367,17.367399215698242,20.366500854492188,17.37980079650879,0,0
2026-04-30,20.4773006439209,17.52589988708496,20.55150032043457,17.580400466918945,20.466800689697266,17.47909927368164,20.47719955444336,17.525299072265625,0,0
2026-05-01,20.477699279785156,17.45989990234375,20.517099380493164,17.483400344848633,20.447450637817383,17.37150001525879,20.479799270629883,17.46150016784668,0,0
2026-05-04,20.458599090576172,17.44659996032715,20.48699951171875,17.518400192260742,20.408029556274414,17.408300399780273,20.4552001953125,17.44729995727539,0,0
2026-05-05,20.477699279785156,17.519899368286133,20.48579978942871,17.530899047851562,20.332660675048828,17.36039924621582,20.484699249267578,17.521099090576172,0,0
2026-05-06,20.310199737548828,17.33769989013672,20.32309913635254,17.338199615478516,20.250699996948242,17.193899154663086,20.307100296020508,17.338199615478516,0,0
2026-05-07,20.268600463867188,17.253999710083008,20.279409408569336,17.259599685668945,20.240100860595703,17.18589973449707,20.266000747680664,17.253299713134766,0,0
2026-05-08,20.281999588012695,17.27750015258789,20.288700103759766,17.296600341796875,20.252330780029297,17.181100845336914,20.278200149536133,17.27669906616211,0,0
2026-05-11,20.253599166870117,17.214599609375,20.27440071105957,17.22760009765625,20.223800659179688,17.15239906311035,20.25659942626953,17.215299606323242,0,0
2026-05-12,20.246000289916992,17.191600799560547,20.26729965209961,17.278060913085938,20.2125301361084,17.181900024414062,20.249799728393555,17.197599411010742,0,0
2026-05-13,20.21739959716797,17.228500366210938,20.219499588012695,17.24799919128418,20.12070083618164,17.177400588989258,20.2185001373291,17.228500366210938,0,0
2026-05-14,20.10647964477539,17.167400360107422,20.155139923095703,17.240299224853516,20.081640243530273,17.14900016784668,20.108200073242188,17.167600631713867,0,0
2026-05-15,20.09079933166504,17.230430603027344,20.223499298095703,17.39699935913086,20.090200424194336,17.226499557495117,20.093799591064453,17.230449676513672,0,0
2026-05-18,20.153799057006836,17.341899871826172,20.166400909423828,17.36680030822754,20.112699508666992,17.259300231933594,20.155000686645508,17.35420036315918,0,0
2026-05-19,20.127899169921875,17.27264976501465,20.1835994720459,17.406700134277344,20.110740661621094,17.268999099731445,20.127500534057617,17.271799087524414,0,0
2026-05-20,20.195899963378906,17.402799606323242,20.21500015258789,17.427400588989258,20.080270767211914,17.258779525756836,20.20050048828125,17.407400131225586,0,0
2026-05-21,20.125160217285156,17.304800033569336,20.154600143432617,17.38245964050293,20.099899291992188,17.279199600219727,20.127300262451172,17.316499710083008,0,0
2026-05-22,20.092100143432617,17.297700881958008,20.117799758911133,17.34779930114746,20.075199127197266,17.286500930786133,20.097400665283203,17.30331039428711,0,0
2026-05-25,20.09309959411621,17.25950050354004,20.127599716186523,17.303499221801758,20.076099395751953,17.232099533081055,20.090200424194336,17.25909996032715,0,0
2026-05-26,20.11989974975586,17.29170036315918,20.148759841918945,17.33989906311035,20.094999313354492,17.260799407958984,20.119300842285156,17.291200637817383,0,0
2026-05-27,20.121400833129883,17.296100616455078,20.233070373535156,17.393699645996094,20.1118106842041,17.27090072631836,20.125900268554688,17.29319953918457,0,0
2026-05-28,20.190340042114258,17.384199142456055,20.21980094909668,17.437400817871094,20.18238067626953,17.319700241088867,20.194499969482422,17.383499145507812,0,0
2026-05-29,20.167999267578125,17.308300018310547,20.267499923706055,17.406400680541992,20.150659561157227,17.293800354003906,20.16550064086914,17.305299758911133,0,0
2026-06-01,20.21380043029785,17.342500686645508,20.219999313354492,17.397600173950195,20.16309928894043,17.305500030517578,20.212400436401367,17.34988021850586,0,0
2026-06-02,20.184940338134766,17.352949142456055,20.193500518798828,17.362199783325195,20.100000381469727,17.253999710083008,20.19070053100586,17.351900100708008,0,0
2026-06-03,20.1033992767334,17.298250198364258,20.11039924621582,17.33013916015625,20.063899993896484,17.26759910583496,20.098539352416992,17.298599243164062,0,0
2026-06-04,20.10948944091797,17.3262996673584,20.126800537109375,17.330299377441406,20.06999969482422,17.253400802612305,20.111900329589844,17.324129104614258,0,0
2026-06-05,20.064199447631836,17.277700424194336,20.19969940185547,17.51919937133789,20.057510375976562,17.25309944152832,20.059900283813477,17.279600143432617,0,0
2026-06-08,20.122499465942383,17.46269989013672,20.149599075317383,17.495399475097656,20.072099685668945,17.3976993560791,20.12459945678711,17.46491050720215,0,0
2026-06-09,20.130699157714844,17.46769905090332,20.1387996673584,17.469900131225586,20.08300018310547,17.36520004272461,20.131200790405273,17.466899871826172,0,0
2026-06-10,20.132999420166016,17.45401954650879,20.17490005493164,17.486509323120117,20.07090950012207,17.364999771118164,20.125810623168945,17.452199935913086,0,0
2026-06-11,20.09000015258789,17.421100616455078,20.093900680541992,17.433900833129883,20.001100540161133,17.365400314331055,20.089799880981445,17.412099838256836,0,0
2026-06-12,19.958900451660156,17.246610641479492,19.96540069580078,17.267969131469727,19.88326072692871,17.171199798583984,19.964000701904297,17.249040603637695,0,0
2026-06-15,19.91408920288086,17.16629981994629,19.981399536132812,17.213600158691406,19.91320037841797,17.14590072631836,19.917499542236328,17.161500930786133,0,0
2026-06-16,19.952299118041992,17.21269989013672,19.96619987487793,17.23430061340332,19.924890518188477,17.168500900268555,19.94721031188965,17.21269989013672,0,0
2026-06-17,19.974489212036133,17.206510543823242,19.99530029296875,17.232500076293945,19.914899826049805,17.166900634765625,19.980600357055664,17.211610794067383,0,0
2026-06-18,19.90519905090332,17.297700881958008,19.94300079345703,17.395700454711914,19.877899169921875,17.23550033569336,19.902299880981445,17.2898006439209,0,0
2026-06-19,19.88365936279297,17.354740142822266,19.892900466918945,17.399139404296875,19.842899322509766,17.29829978942871,19.888099670410156,17.35070037841797,0,0
2026-06-22,19.88275909423828,17.347200393676758,19.882200241088867,17.365800857543945,19.796600341796875,17.306100845336914,19.876840591430664,17.34149932861328,0,0
2026-06-23,19.843299865722656,17.36389923095703,19.98944091796875,17.56599998474121,19.835920333862305,17.354000091552734,19.843599319458008,17.368000030517578,0,0
2026-06-24,19.97191047668457,17.553600311279297,20.022159576416016,17.673200607299805,19.9406795501709,17.529600143432617,19.968599319458008,17.539499282836914,0,0
2026-06-25,20.003530502319336,17.62070083618164,20.018600463867188,17.654529571533203,19.954200744628906,17.528200149536133,20.00950050354004,17.624849319458008,0,0
2026-06-26,19.894699096679688,17.509899139404297,19.994449615478516,17.554990768432617,19.88728904724121,17.418899536132812,19.88895034790039,17.50429916381836,0,0
2026-06-29,19.92959976196289,17.504899978637695,20.030590057373047,17.547000885009766,19.91529083251953,17.458099365234375,19.932199478149414,17.50790023803711,0,0
2026-06-30,19.952299118041992,17.472000122070312,19.985979080200195,17.500600814819336,19.881000518798828,17.43083953857422,19.95400047302246,17.47570037841797,0,0
2026-07-01,19.965700149536133,17.492900848388672,19.99970054626465,17.55940055847168,19.927459716796875,17.481700897216797,19.964599609375,17.494400024414062,0,0
2026-07-02,19.97249984741211,17.554349899291992,20.027870178222656,17.56679916381836,19.945999145507812,17.431499481201172,19.972299575805664,17.553499221801758,0,0
2026-07-03,19.959930419921875,17.476299285888672,19.99860954284668,17.480609893798828,19.94420051574707,17.40530014038086,19.963300704956055,17.47640037536621,0,0
2026-07-06,19.985450744628906,17.476680755615234,19.990800857543945,17.494220733642578,19.92099952697754,17.43720054626465,19.98859977722168,17.479400634765625,0,0
2026-07-07,19.884950637817383,17.38129997253418,19.9979190826416,17.50119972229004,19.8753604888916,17.363100051879883,19.885530471801758,17.38249969482422,0,0
2026-07-08,19.97842025756836,17.524200439453125,20.111520767211914,17.640600204467773,19.9591007232666,17.475500106811523,19.98539924621582,17.529800415039062,0,0
2026-07-09,20.065200805664062,17.56800079345703,20.0841007232666,17.575199127197266,20.041580200195312,17.514999389648438,20.064300537109375,17.56760025024414,0,0
2026-07-10,20.048320770263672,17.53820037841797,20.05929946899414,17.54290008544922,19.988069534301758,17.468700408935547,20.051700592041016,17.540000915527344,0,0
2026-07-13,19.956560134887695,17.500520706176758,19.996509552001953,17.53030014038086,19.936389923095703,17.4601993560791,19.962900161743164,17.504810333251953,0,0
2026-07-14,19.937660217285156,17.518800735473633,19.96820068359375,17.52869987487793,19.906200408935547,17.381799697875977,19.93708038330078,17.517200469970703,0,0
2026-07-15,19.898799896240234,17.418800354003906,19.921899795532227,17.43000030517578,19.858470916748047,17.37220001220703,19.90167999267578,17.42140007019043,0,0
2026-07-16,19.937000274658203,17.3700008392334,19.98841094970703,17.458049774169922,19.933019638061523,17.36720085144043,19.936800003051758,17.368799209594727,0,0
2026-07-17,19.93470001220703,17.406700134277344,20.066370010375977,17.553129196166992,19.929670333862305,17.403400421142578,19.934200286865234,17.405000686645508,0,0
2026-07-20,20.04450035095215,17.54046058654785,20.05459976196289,17.5433292388916,19.900800704956055,17.440580368041992,20.04640007019043,17.54265022277832,0,0
2026-07-21,19.87849998474121,17.415000915527344,19.88719940185547,17.421600341796875,19.834800720214844,17.3612003326416,19.880390167236328,17.41444969177246,0,0
2026-07-22,19.844100952148438,17.403400421142578,19.879480361938477,17.430580139160156,19.83315086364746,17.377899169921875,19.84480094909668,17.405960083007812,0,0
2026-07-23,19.855560302734375,17.40089988708496,19.939239501953125,17.536710739135742,19.83868980407715,17.365400314331055,19.861299514770508,17.40329933166504,0,0
2026-07-24,19.923599243164062,17.513219833374023,19.9375,17.520099639892578,19.861499786376953,17.438379287719727,19.922800064086914,17.51335906982422,0,0
2026-07-27,19.86971092224121,17.438199996948242,19.891300201416016,17.48431968688965,19.842639923095703,17.39940071105957,19.86870002746582,17.431699752807617,0,0
2026-07-28,19.84320068359375,17.44179916381836,19.874900817871094,17.490440368652344,19.83009910583496,17.410999298095703,19.84333038330078,17.457000732421875,0,0
2026-07-29,19.85112953186035,17.436800003051758,19.949359893798828,17.525699615478516,19.846349716186523,17.414499282836914,19.853200912475586,17.44059944152832,0,0
2026-07-30,19.999820709228516,17.442100524902344,20.006200790405273,17.481300354003906,19.94198989868164,17.321199417114258,19.99799919128418,17.43869972229004,0,0
2026-07-31,19.983810424804688,17.344600677490234,19.984800338745117,17.38697052001953,19.901540756225586,17.30459976196289,19.982450485229492,17.343799591064453,0,0
2026-08-03,19.973400115966797,17.302719116210938,20.00830078125,17.33919906616211,19.916799545288086,17.281700134277344,19.969999313354492,17.306249618530273,0,0
2026-08-04,19.934980392456055,17.326799392700195,19.941499710083008,17.329750061035156,19.878650665283203,17.24169921875,19.934900283813477,17.323999404907227,0,0
2026-08-05,19.89859962463379,17.2549991607666,19.903139114379883,17.257699966430664,19.855499267578125,17.190200805664062,19.896709442138672,17.24370002746582,0,0
2026-08-06,19.912790298461914,17.23200035095215,19.927820205688477,17.266199111938477,19.83049964904785,17.19831085205078,19.910850524902344,17.232799530029297,0,0
2026-08-07,19.79960060119629,17.115999221801758,19.8435001373291,17.21500015258789,19.766159057617188,17.086000442504883,19.827899932861328,17.198999404907227,0,0
